Anleggsnavn,Fylke,Kommune,NACE Kode,År,Årlig utslipp til luft,Grunnlagsverdi for luft,Årlig utslipp til vann,Grunnlagsverdi for vann,Enhet,AnleggId,Org.nr.
Norske skog union,Telemark,Skien,17.120,2001-01-01,5925.0,B,,,tonn,5285,974293625
Norske skog union,Telemark,Skien,17.120,2002-01-01,9090.5,B,,,tonn,5285,974293625
Norske skog union,Telemark,Skien,17.120,2003-01-01,16558.7,B,,,tonn,5285,974293625
Norske skog union,Telemark,Skien,17.120,2004-01-01,13694.44,B,,,tonn,5285,974293625
Norske skog union,Telemark,Skien,17.120,2005-01-01,11409.2,B,,,tonn,5285,974293625
Norske skog union,Telemark,Skien,17.120,2006-01-01,12.29,B,,,tonn,5285,974293625
Magnor minerals,Telemark,Porsgrunn,20.130,2005-01-01,5006.0,B,,,tonn,5291,984680023
Magnor minerals,Telemark,Porsgrunn,20.130,2006-01-01,16523.0,B,,,tonn,5291,984680023
Magnor minerals,Telemark,Porsgrunn,20.130,2007-01-01,3560.0,B,,,tonn,5291,984680023
Magnor minerals,Telemark,Porsgrunn,20.130,2008-01-01,17000.0,B,,,tonn,5291,984680023
Magnor minerals,Telemark,Porsgrunn,20.130,2009-01-01,12400.0,B,,,tonn,5291,984680023
Magnor minerals,Telemark,Porsgrunn,20.130,2010-01-01,330.0,B,,,tonn,5291,984680023
Magnor minerals,Telemark,Porsgrunn,20.130,2011-01-01,450.0,B,,,tonn,5291,984680023
Magnor minerals,Telemark,Porsgrunn,20.130,2012-01-01,13757.42,B,,,tonn,5291,984680023
Magnor minerals,Telemark,Porsgrunn,20.130,2013-01-01,117885.0,B,,,tonn,5291,984680023
Magnor minerals,Telemark,Porsgrunn,20.130,2014-01-01,153513.0,B,,,tonn,5291,984680023
Magnor minerals,Telemark,Porsgrunn,20.130,2018-01-01,60409.0,B,,,tonn,5291,984680023
Magnor minerals,Telemark,Porsgrunn,20.130,2017-01-01,28842.0,B,,,tonn,5291,984680023
Magnor minerals,Telemark,Porsgrunn,20.130,2016-01-01,84048.0,B,,,tonn,5291,984680023
Magnor minerals,Telemark,Porsgrunn,20.130,2015-01-01,138002.0,B,,,tonn,5291,984680023
Magnor minerals,Telemark,Porsgrunn,20.130,2019-01-01,102124.0,B,,,tonn,5291,984680023
Magnor minerals,Telemark,Porsgrunn,20.130,2020-01-01,0.0,B,,,tonn,5291,984680023
Magnor minerals,Telemark,Porsgrunn,20.130,2021-01-01,5889.0,B,,,tonn,5291,984680023
Herøya industripark - omsmelteanlegget,Telemark,Porsgrunn,24.421,2001-01-01,899600.0,B,,,tonn,5308,974835894
Herøya industripark - omsmelteanlegget,Telemark,Porsgrunn,24.421,2002-01-01,155355.0,B,,,tonn,5308,974835894
Herøya industripark - omsmelteanlegget,Telemark,Porsgrunn,24.421,2003-01-01,169200.0,B,,,tonn,5308,974835894
Herøya industripark - omsmelteanlegget,Telemark,Porsgrunn,24.421,2004-01-01,202100.0,B,,,tonn,5308,974835894
Herøya industripark - omsmelteanlegget,Telemark,Porsgrunn,24.421,2005-01-01,12690.0,B,,,tonn,5308,974835894
Herøya industripark - omsmelteanlegget,Telemark,Porsgrunn,24.421,2006-01-01,70500.0,B,,,tonn,5308,974835894
Heidelberg materials brevik sementfabrikk,Telemark,Porsgrunn,23.510,2001-01-01,902068.0,B,,,tonn,5311,974305461
Heidelberg materials brevik sementfabrikk,Telemark,Porsgrunn,23.510,2002-01-01,905473.0,B,,,tonn,5311,974305461
Heidelberg materials brevik sementfabrikk,Telemark,Porsgrunn,23.510,2003-01-01,951516.0,B,,,tonn,5311,974305461
Heidelberg materials brevik sementfabrikk,Telemark,Porsgrunn,23.510,2004-01-01,649966.0,B,,,tonn,5311,974305461
Heidelberg materials brevik sementfabrikk,Telemark,Porsgrunn,23.510,2005-01-01,741247.0,B,,,tonn,5311,974305461
Heidelberg materials brevik sementfabrikk,Telemark,Porsgrunn,23.510,2006-01-01,762491.0,B,,,tonn,5311,974305461
Heidelberg materials brevik sementfabrikk,Telemark,Porsgrunn,23.510,2007-01-01,858487.0,B,,,tonn,5311,974305461
Heidelberg materials brevik sementfabrikk,Telemark,Porsgrunn,23.510,2008-01-01,812252.0,B,,,tonn,5311,974305461
Heidelberg materials brevik sementfabrikk,Telemark,Porsgrunn,23.510,2009-01-01,824871.0,B,,,tonn,5311,974305461
Heidelberg materials brevik sementfabrikk,Telemark,Porsgrunn,23.510,2010-01-01,246125.0,B,,,tonn,5311,974305461
Heidelberg materials brevik sementfabrikk,Telemark,Porsgrunn,23.510,2011-01-01,761456.0,B,,,tonn,5311,974305461
Heidelberg materials brevik sementfabrikk,Telemark,Porsgrunn,23.510,2012-01-01,762300.0,B,,,tonn,5311,974305461
Heidelberg materials brevik sementfabrikk,Telemark,Porsgrunn,23.510,2013-01-01,794081.0,B,,,tonn,5311,974305461
Heidelberg materials brevik sementfabrikk,Telemark,Porsgrunn,23.510,2014-01-01,778010.0,B,,,tonn,5311,974305461
Heidelberg materials brevik sementfabrikk,Telemark,Porsgrunn,23.510,2015-01-01,744324.0,B,,,tonn,5311,974305461
Heidelberg materials brevik sementfabrikk,Telemark,Porsgrunn,23.510,2016-01-01,742463.0,B,,,tonn,5311,974305461
Heidelberg materials brevik sementfabrikk,Telemark,Porsgrunn,23.510,2017-01-01,782939.0,B,,,tonn,5311,974305461
Heidelberg materials brevik sementfabrikk,Telemark,Porsgrunn,23.510,2018-01-01,767549.0,B,,,tonn,5311,974305461
Heidelberg materials brevik sementfabrikk,Telemark,Porsgrunn,23.510,2019-01-01,796742.0,B,,,tonn,5311,974305461
Heidelberg materials brevik sementfabrikk,Telemark,Porsgrunn,23.510,2020-01-01,809459.0,B,,,tonn,5311,974305461
Heidelberg materials brevik sementfabrikk,Telemark,Porsgrunn,23.510,2021-01-01,759625.0,B,,,tonn,5311,974305461
Heidelberg materials brevik sementfabrikk,Telemark,Porsgrunn,23.510,2022-01-01,742256.0,B,,,tonn,5311,974305461
Heidelberg materials brevik sementfabrikk,Telemark,Porsgrunn,23.510,2023-01-01,630688.0,B,,,tonn,5311,974305461
Inovyn norge avd. pvc-fabrikk porsgrunn,Telemark,Porsgrunn,20.160,2013-01-01,1200.0,B,,,tonn,5313,973142844
Inovyn norge avd. pvc-fabrikk porsgrunn,Telemark,Porsgrunn,20.160,2014-01-01,990.0,B,,,tonn,5313,973142844
Inovyn norge avd. pvc-fabrikk porsgrunn,Telemark,Porsgrunn,20.160,2015-01-01,28.0,B,,,tonn,5313,973142844
Inovyn norge avd. pvc-fabrikk porsgrunn,Telemark,Porsgrunn,20.160,2016-01-01,0.0,B,,,tonn,5313,973142844
Inovyn norge avd. pvc-fabrikk porsgrunn,Telemark,Porsgrunn,20.160,2017-01-01,0.0,B,,,tonn,5313,973142844
Inovyn norge avd. pvc-fabrikk porsgrunn,Telemark,Porsgrunn,20.160,2018-01-01,0.0,B,,,tonn,5313,973142844
Inovyn norge avd. pvc-fabrikk porsgrunn,Telemark,Porsgrunn,20.160,2019-01-01,0.0,B,,,tonn,5313,973142844
Inovyn norge avd. pvc-fabrikk porsgrunn,Telemark,Porsgrunn,20.160,2020-01-01,0.0,B,,,tonn,5313,973142844
Inovyn norge avd. pvc-fabrikk porsgrunn,Telemark,Porsgrunn,20.160,2021-01-01,0.0,B,,,tonn,5313,973142844
Inovyn norge avd. pvc-fabrikk porsgrunn,Telemark,Porsgrunn,20.160,2022-01-01,0.0,B,,,tonn,5313,973142844
Inovyn norge avd. pvc-fabrikk porsgrunn,Telemark,Porsgrunn,20.160,2023-01-01,0.0,B,,,tonn,5313,973142844
Yara porsgrunn,Telemark,Porsgrunn,20.150,2001-01-01,1608240.55,B,,,tonn,5447,974100169
Yara porsgrunn,Telemark,Porsgrunn,20.150,2002-01-01,1707419.35,B,,,tonn,5447,974100169
Yara porsgrunn,Telemark,Porsgrunn,20.150,2003-01-01,1757305.53,B,,,tonn,5447,974100169
Yara porsgrunn,Telemark,Porsgrunn,20.150,2004-01-01,1945971.52,B,,,tonn,5447,974100169
Yara porsgrunn,Telemark,Porsgrunn,20.150,2005-01-01,1841015.65,B,,,tonn,5447,974100169
Yara porsgrunn,Telemark,Porsgrunn,20.150,2006-01-01,1607394.67,B,,,tonn,5447,974100169
Yara porsgrunn,Telemark,Porsgrunn,20.150,2007-01-01,1556848.6,B,,,tonn,5447,974100169
Yara porsgrunn,Telemark,Porsgrunn,20.150,2008-01-01,1223056.8,B,,,tonn,5447,974100169
Yara porsgrunn,Telemark,Porsgrunn,20.150,2009-01-01,1095960.8,B,,,tonn,5447,974100169
Yara porsgrunn,Telemark,Porsgrunn,20.150,2010-01-01,1032816.76,B,,,tonn,5447,974100169
Yara porsgrunn,Telemark,Porsgrunn,20.150,2011-01-01,989130.86,B,,,tonn,5447,974100169
Yara porsgrunn,Telemark,Porsgrunn,20.150,2012-01-01,1059848.6,B,,,tonn,5447,974100169
Yara porsgrunn,Telemark,Porsgrunn,20.150,2013-01-01,870484.14,B,,,tonn,5447,974100169
Yara porsgrunn,Telemark,Porsgrunn,20.150,2014-01-01,818794.2,B,,,tonn,5447,974100169
Yara porsgrunn,Telemark,Porsgrunn,20.150,2015-01-01,1090828.89,B,,,tonn,5447,974100169
Yara porsgrunn,Telemark,Porsgrunn,20.150,2016-01-01,905277.35,B,,,tonn,5447,974100169
Yara porsgrunn,Telemark,Porsgrunn,20.150,2017-01-01,686697.5,B,,,tonn,5447,974100169
Yara porsgrunn,Telemark,Porsgrunn,20.150,2018-01-01,862743.25,B,,,tonn,5447,974100169
Yara porsgrunn,Telemark,Porsgrunn,20.150,2019-01-01,764865.15,B,,,tonn,5447,974100169
Yara porsgrunn,Telemark,Porsgrunn,20.150,2020-01-01,772413.0,B,,,tonn,5447,974100169
Yara porsgrunn,Telemark,Porsgrunn,20.150,2021-01-01,731615.0,B,,,tonn,5447,974100169
Yara porsgrunn,Telemark,Porsgrunn,20.150,2022-01-01,956800.0,B,,,tonn,5447,974100169
Yara porsgrunn,Telemark,Porsgrunn,20.150,2023-01-01,931771.0,B,,,tonn,5447,974100169
Porsgrund bad  a.s,Telemark,Porsgrunn,46.739,2001-01-01,1084.0,B,,,tonn,5521,974168847
Porsgrund bad  a.s,Telemark,Porsgrunn,46.739,2002-01-01,1031.0,B,,,tonn,5521,974168847
Porsgrund bad  a.s,Telemark,Porsgrunn,46.739,2003-01-01,1122.0,B,,,tonn,5521,974168847
Porsgrund bad  a.s,Telemark,Porsgrunn,46.739,2004-01-01,1110.0,B,,,tonn,5521,974168847
Porsgrund bad  a.s,Telemark,Porsgrunn,46.739,2005-01-01,1298.0,B,,,tonn,5521,974168847
"Porsgrunds porselænsfabrik a.s, avd husholdningsporselen",Telemark,Porsgrunn,23.410,2001-01-01,5892.0,B,,,tonn,5522,971753838
"Porsgrunds porselænsfabrik a.s, avd husholdningsporselen",Telemark,Porsgrunn,23.410,2002-01-01,2967.0,B,,,tonn,5522,971753838
"Porsgrunds porselænsfabrik a.s, avd husholdningsporselen",Telemark,Porsgrunn,23.410,2003-01-01,2475.0,B,,,tonn,5522,971753838
"Porsgrunds porselænsfabrik a.s, avd husholdningsporselen",Telemark,Porsgrunn,23.410,2004-01-01,3105.0,B,,,tonn,5522,971753838
"Porsgrunds porselænsfabrik a.s, avd husholdningsporselen",Telemark,Porsgrunn,23.410,2005-01-01,2994.0,B,,,tonn,5522,971753838
"Porsgrunds porselænsfabrik a.s, avd husholdningsporselen",Telemark,Porsgrunn,23.410,2006-01-01,2040.0,B,,,tonn,5522,971753838
"Porsgrunds porselænsfabrik a.s, avd husholdningsporselen",Telemark,Porsgrunn,23.410,2007-01-01,2670.0,B,,,tonn,5522,971753838
"Porsgrunds porselænsfabrik a.s, avd husholdningsporselen",Telemark,Porsgrunn,23.410,2008-01-01,2175.0,B,,,tonn,5522,971753838
"Porsgrunds porselænsfabrik a.s, avd husholdningsporselen",Telemark,Porsgrunn,23.410,2009-01-01,960.0,B,,,tonn,5522,971753838
Tpi norway as,Telemark,Kragerø,21.200,2001-01-01,500.32,B,,,tonn,5524,873107812
Tpi norway as,Telemark,Kragerø,21.200,2002-01-01,394.62,B,,,tonn,5524,873107812
Tpi norway as,Telemark,Kragerø,21.200,2003-01-01,337.27,B,,,tonn,5524,873107812
Tpi norway as,Telemark,Kragerø,21.200,2004-01-01,416.65,B,,,tonn,5524,873107812
Tpi norway as,Telemark,Kragerø,21.200,2005-01-01,467.73,B,,,tonn,5524,873107812
Tpi norway as,Telemark,Kragerø,21.200,2006-01-01,585.4,B,,,tonn,5524,873107812
Tpi norway as,Telemark,Kragerø,21.200,2007-01-01,541.08,B,,,tonn,5524,873107812
Tpi norway as,Telemark,Kragerø,21.200,2008-01-01,534.8,B,,,tonn,5524,873107812
Tpi norway as,Telemark,Kragerø,21.200,2009-01-01,448.45,B,,,tonn,5524,873107812
Tpi norway as,Telemark,Kragerø,21.200,2010-01-01,521.77,B,,,tonn,5524,873107812
Tpi norway as,Telemark,Kragerø,21.200,2011-01-01,551.8,B,,,tonn,5524,873107812
Tpi norway as,Telemark,Kragerø,21.200,2012-01-01,543.8,B,,,tonn,5524,873107812
Tpi norway as,Telemark,Kragerø,21.200,2013-01-01,618.12,B,,,tonn,5524,873107812
Tpi norway as,Telemark,Kragerø,21.200,2014-01-01,783.21,B,,,tonn,5524,873107812
Tpi norway as,Telemark,Kragerø,21.200,2015-01-01,787.21,B,,,tonn,5524,873107812
Tpi norway as,Telemark,Kragerø,21.200,2016-01-01,260.75,B,,,tonn,5524,873107812
Tpi norway as,Telemark,Kragerø,21.200,2017-01-01,220.73,B,,,tonn,5524,873107812
Tpi norway as,Telemark,Kragerø,21.200,2018-01-01,210.73,B,,,tonn,5524,873107812
Tpi norway as,Telemark,Kragerø,21.200,2019-01-01,150.4,B,,,tonn,5524,873107812
Tpi norway as,Telemark,Kragerø,21.200,2020-01-01,451.45,B,,,tonn,5524,873107812
Tpi norway as,Telemark,Kragerø,21.200,2021-01-01,551.8,B,,,tonn,5524,873107812
Tpi norway as,Telemark,Kragerø,21.200,2022-01-01,531.8,B,,,tonn,5524,873107812
Tpi norway as,Telemark,Kragerø,21.200,2023-01-01,902.9,B,,,tonn,5524,873107812
Agility subsea fabrication as - tidligere grenland offshore as,Telemark,Bamble,30.113,2001-01-01,752.11,B,,,tonn,5527,972130095
Agility subsea fabrication as - tidligere grenland offshore as,Telemark,Bamble,30.113,2002-01-01,2.84,B,,,tonn,5527,972130095
Agility subsea fabrication as - tidligere grenland offshore as,Telemark,Bamble,30.113,2003-01-01,2.47,B,,,tonn,5527,972130095
Agility subsea fabrication as - tidligere grenland offshore as,Telemark,Bamble,30.113,2004-01-01,2.47,B,,,tonn,5527,972130095
Agility subsea fabrication as - tidligere grenland offshore as,Telemark,Bamble,30.113,2005-01-01,652.51,B,,,tonn,5527,972130095
Agility subsea fabrication as - tidligere grenland offshore as,Telemark,Bamble,30.113,2006-01-01,652.51,B,,,tonn,5527,972130095
Agility subsea fabrication as - tidligere grenland offshore as,Telemark,Bamble,30.113,2007-01-01,652.51,B,,,tonn,5527,972130095
Agility subsea fabrication as - tidligere grenland offshore as,Telemark,Bamble,30.113,2008-01-01,34.59,B,,,tonn,5527,972130095
Agility subsea fabrication as - tidligere grenland offshore as,Telemark,Bamble,30.113,2009-01-01,34.59,B,,,tonn,5527,972130095
Agility subsea fabrication as - tidligere grenland offshore as,Telemark,Bamble,30.113,2010-01-01,138.36,B,,,tonn,5527,972130095
Orkla foods norge as avd. gimsøy kloster skien,Telemark,Skien,11.070,2001-01-01,218.26,B,,,tonn,5536,973072951
Orkla foods norge as avd. gimsøy kloster skien,Telemark,Skien,11.070,2003-01-01,532.05,B,,,tonn,5536,973072951
Orkla foods norge as avd. gimsøy kloster skien,Telemark,Skien,11.070,2004-01-01,472.11,B,,,tonn,5536,973072951
Orkla foods norge as avd. gimsøy kloster skien,Telemark,Skien,11.070,2002-01-01,319.99,B,,,tonn,5536,973072951
Vistin pharma avd. fikkjebakke,Telemark,Kragerø,21.200,2014-01-01,2187.26,B,,,tonn,5537,996675432
Vistin pharma avd. fikkjebakke,Telemark,Kragerø,21.200,2015-01-01,2077.26,B,,,tonn,5537,996675432
Vistin pharma avd. fikkjebakke,Telemark,Kragerø,21.200,2017-01-01,130.38,B,,,tonn,5537,996675432
Vistin pharma avd. fikkjebakke,Telemark,Kragerø,21.200,2018-01-01,230.73,B,,,tonn,5537,996675432
Vistin pharma avd. fikkjebakke,Telemark,Kragerø,21.200,2019-01-01,90.35,B,,,tonn,5537,996675432
Vistin pharma avd. fikkjebakke,Telemark,Kragerø,21.200,2020-01-01,120.38,B,,,tonn,5537,996675432
Vistin pharma avd. fikkjebakke,Telemark,Kragerø,21.200,2021-01-01,110.35,B,,,tonn,5537,996675432
Vistin pharma avd. fikkjebakke,Telemark,Kragerø,21.200,2022-01-01,90.35,B,,,tonn,5537,996675432
Vistin pharma avd. fikkjebakke,Telemark,Kragerø,21.200,2023-01-01,121.38,B,,,tonn,5537,996675432
Ineos bamble,Telemark,Bamble,20.160,2001-01-01,53765.1,B,,,tonn,5651,872383352
Ineos bamble,Telemark,Bamble,20.160,2002-01-01,53745.4,B,,,tonn,5651,872383352
Ineos bamble,Telemark,Bamble,20.160,2003-01-01,58415.1,B,,,tonn,5651,872383352
Ineos bamble,Telemark,Bamble,20.160,2004-01-01,53597.65,B,,,tonn,5651,872383352
Ineos bamble,Telemark,Bamble,20.160,2005-01-01,52276.75,B,,,tonn,5651,872383352
Ineos bamble,Telemark,Bamble,20.160,2006-01-01,53529.75,B,,,tonn,5651,872383352
Ineos bamble,Telemark,Bamble,20.160,2007-01-01,41357.75,B,,,tonn,5651,872383352
Ineos bamble,Telemark,Bamble,20.160,2008-01-01,30344.5,B,,,tonn,5651,872383352
Ineos bamble,Telemark,Bamble,20.160,2009-01-01,17401.7,B,,,tonn,5651,872383352
Ineos bamble,Telemark,Bamble,20.160,2010-01-01,17528.0,B,,,tonn,5651,872383352
Ineos bamble,Telemark,Bamble,20.160,2011-01-01,15125.2,B,,,tonn,5651,872383352
Ineos bamble,Telemark,Bamble,20.160,2012-01-01,15719.6,B,,,tonn,5651,872383352
Ineos bamble,Telemark,Bamble,20.160,2013-01-01,13408.7,B,,,tonn,5651,872383352
Ineos bamble,Telemark,Bamble,20.160,2014-01-01,12605.9,B,,,tonn,5651,872383352
Ineos bamble,Telemark,Bamble,20.160,2015-01-01,12911.35,B,,,tonn,5651,872383352
Ineos bamble,Telemark,Bamble,20.160,2016-01-01,13008.55,B,,,tonn,5651,872383352
Ineos bamble,Telemark,Bamble,20.160,2017-01-01,10705.75,B,,,tonn,5651,872383352
Ineos bamble,Telemark,Bamble,20.160,2018-01-01,11306.31,B,,,tonn,5651,872383352
Ineos bamble,Telemark,Bamble,20.160,2019-01-01,12105.75,B,,,tonn,5651,872383352
Ineos bamble,Telemark,Bamble,20.160,2020-01-01,11211.2,B,,,tonn,5651,872383352
Ineos bamble,Telemark,Bamble,20.160,2021-01-01,13647.12,B,,,tonn,5651,872383352
Ineos bamble,Telemark,Bamble,20.160,2022-01-01,17469.79,B,,,tonn,5651,872383352
Ineos bamble,Telemark,Bamble,20.160,2023-01-01,12887.74,B,,,tonn,5651,872383352
Ineos rafnes,Telemark,Bamble,20.140,2001-01-01,490946.3,B,,,tonn,5655,975108155
Ineos rafnes,Telemark,Bamble,20.140,2002-01-01,480160.11,B,,,tonn,5655,975108155
Ineos rafnes,Telemark,Bamble,20.140,2003-01-01,493727.2,B,,,tonn,5655,975108155
Ineos rafnes,Telemark,Bamble,20.140,2004-01-01,490246.0,B,,,tonn,5655,975108155
Ineos rafnes,Telemark,Bamble,20.140,2005-01-01,426061.2,B,,,tonn,5655,975108155
Ineos rafnes,Telemark,Bamble,20.140,2006-01-01,522313.7,B,,,tonn,5655,975108155
Ineos rafnes,Telemark,Bamble,20.140,2007-01-01,453444.25,B,,,tonn,5655,975108155
Ineos rafnes,Telemark,Bamble,20.140,2008-01-01,460254.1,B,,,tonn,5655,975108155
Ineos rafnes,Telemark,Bamble,20.140,2009-01-01,460404.6,B,,,tonn,5655,975108155
Ineos rafnes,Telemark,Bamble,20.140,2010-01-01,486901.75,B,,,tonn,5655,975108155
Ineos rafnes,Telemark,Bamble,20.140,2011-01-01,501172.05,B,,,tonn,5655,975108155
Ineos rafnes,Telemark,Bamble,20.140,2012-01-01,433045.65,B,,,tonn,5655,975108155
Ineos rafnes,Telemark,Bamble,20.140,2013-01-01,488456.05,B,,,tonn,5655,975108155
Ineos rafnes,Telemark,Bamble,20.140,2014-01-01,474894.0,B,,,tonn,5655,975108155
Ineos rafnes,Telemark,Bamble,20.140,2015-01-01,467582.35,B,,,tonn,5655,975108155
Ineos rafnes,Telemark,Bamble,20.140,2016-01-01,427972.75,B,,,tonn,5655,975108155
Ineos rafnes,Telemark,Bamble,20.140,2017-01-01,434106.45,B,,,tonn,5655,975108155
Ineos rafnes,Telemark,Bamble,20.140,2018-01-01,449511.6,B,,,tonn,5655,975108155
Ineos rafnes,Telemark,Bamble,20.140,2019-01-01,444135.35,B,,,tonn,5655,975108155
Ineos rafnes,Telemark,Bamble,20.140,2020-01-01,455116.06,B,,,tonn,5655,975108155
Ineos rafnes,Telemark,Bamble,20.140,2021-01-01,444613.14,B,,,tonn,5655,975108155
Ineos rafnes,Telemark,Bamble,20.140,2022-01-01,343458.31,B,,,tonn,5655,975108155
Ineos rafnes,Telemark,Bamble,20.140,2023-01-01,404146.02,B,,,tonn,5655,975108155
Inovyn norge avd. rafnes,Telemark,Bamble,20.130,2001-01-01,107688.35,B,,,tonn,5012,975012301
Inovyn norge avd. rafnes,Telemark,Bamble,20.130,2002-01-01,96738.5,B,,,tonn,5012,975012301
Inovyn norge avd. rafnes,Telemark,Bamble,20.130,2003-01-01,101330.08,B,,,tonn,5012,975012301
Inovyn norge avd. rafnes,Telemark,Bamble,20.130,2004-01-01,87860.28,B,,,tonn,5012,975012301
Inovyn norge avd. rafnes,Telemark,Bamble,20.130,2005-01-01,99559.76,B,,,tonn,5012,975012301
Inovyn norge avd. rafnes,Telemark,Bamble,20.130,2006-01-01,101577.72,B,,,tonn,5012,975012301
Inovyn norge avd. rafnes,Telemark,Bamble,20.130,2007-01-01,113466.45,B,,,tonn,5012,975012301
Inovyn norge avd. rafnes,Telemark,Bamble,20.130,2008-01-01,98249.58,B,,,tonn,5012,975012301
Inovyn norge avd. rafnes,Telemark,Bamble,20.130,2009-01-01,80703.72,B,,,tonn,5012,975012301
Inovyn norge avd. rafnes,Telemark,Bamble,20.130,2010-01-01,93400.36,B,,,tonn,5012,975012301
Inovyn norge avd. rafnes,Telemark,Bamble,20.130,2011-01-01,94550.36,B,,,tonn,5012,975012301
Inovyn norge avd. rafnes,Telemark,Bamble,20.130,2012-01-01,91403.21,B,,,tonn,5012,975012301
Inovyn norge avd. rafnes,Telemark,Bamble,20.130,2013-01-01,95835.47,B,,,tonn,5012,975012301
Inovyn norge avd. rafnes,Telemark,Bamble,20.130,2014-01-01,88904.6,B,,,tonn,5012,975012301
Inovyn norge avd. rafnes,Telemark,Bamble,20.130,2015-01-01,102844.24,B,,,tonn,5012,975012301
Inovyn norge avd. rafnes,Telemark,Bamble,20.130,2016-01-01,85334.53,B,,,tonn,5012,975012301
Inovyn norge avd. rafnes,Telemark,Bamble,20.130,2017-01-01,93853.31,B,,,tonn,5012,975012301
Inovyn norge avd. rafnes,Telemark,Bamble,20.130,2018-01-01,93748.51,B,,,tonn,5012,975012301
Inovyn norge avd. rafnes,Telemark,Bamble,20.130,2019-01-01,87684.17,B,,,tonn,5012,975012301
Inovyn norge avd. rafnes,Telemark,Bamble,20.130,2020-01-01,103387.67,B,,,tonn,5012,975012301
Inovyn norge avd. rafnes,Telemark,Bamble,20.130,2021-01-01,104170.32,B,,,tonn,5012,975012301
Inovyn norge avd. rafnes,Telemark,Bamble,20.130,2022-01-01,79534.34,B,,,tonn,5012,975012301
Inovyn norge avd. rafnes,Telemark,Bamble,20.130,2023-01-01,88408.0,B,,,tonn,5012,975012301
Eramet norway as porsgrunn,Telemark,Porsgrunn,24.102,2001-01-01,114329.0,B,,,tonn,6261,973095358
Eramet norway as porsgrunn,Telemark,Porsgrunn,24.102,2002-01-01,174231.0,B,,,tonn,6261,973095358
Eramet norway as porsgrunn,Telemark,Porsgrunn,24.102,2003-01-01,107385.0,B,,,tonn,6261,973095358
Eramet norway as porsgrunn,Telemark,Porsgrunn,24.102,2004-01-01,130000.0,B,,,tonn,6261,973095358
Eramet norway as porsgrunn,Telemark,Porsgrunn,24.102,2005-01-01,101155.0,B,,,tonn,6261,973095358
Eramet norway as porsgrunn,Telemark,Porsgrunn,24.102,2006-01-01,84011.01,B,,,tonn,6261,973095358
Eramet norway as porsgrunn,Telemark,Porsgrunn,24.102,2007-01-01,95074.46,B,,,tonn,6261,973095358
Eramet norway as porsgrunn,Telemark,Porsgrunn,24.102,2008-01-01,76321.0,B,,,tonn,6261,973095358
Eramet norway as porsgrunn,Telemark,Porsgrunn,24.102,2009-01-01,53241.5,B,,,tonn,6261,973095358
Eramet norway as porsgrunn,Telemark,Porsgrunn,24.102,2010-01-01,61263.07,B,,,tonn,6261,973095358
Eramet norway as porsgrunn,Telemark,Porsgrunn,24.102,2011-01-01,67026.61,B,,,tonn,6261,973095358
Eramet norway as porsgrunn,Telemark,Porsgrunn,24.102,2012-01-01,84009.3,B,,,tonn,6261,973095358
Eramet norway as porsgrunn,Telemark,Porsgrunn,24.102,2013-01-01,149301.2,B,,,tonn,6261,973095358
Eramet norway as porsgrunn,Telemark,Porsgrunn,24.102,2014-01-01,124332.2,B,,,tonn,6261,973095358
Eramet norway as porsgrunn,Telemark,Porsgrunn,24.102,2015-01-01,110701.2,B,,,tonn,6261,973095358
Eramet norway as porsgrunn,Telemark,Porsgrunn,24.102,2016-01-01,131171.2,B,,,tonn,6261,973095358
Eramet norway as porsgrunn,Telemark,Porsgrunn,24.102,2017-01-01,185301.2,B,,,tonn,6261,973095358
Eramet norway as porsgrunn,Telemark,Porsgrunn,24.102,2018-01-01,145653.2,B,,,tonn,6261,973095358
Eramet norway as porsgrunn,Telemark,Porsgrunn,24.102,2019-01-01,188543.7,B,,,tonn,6261,973095358
Eramet norway as porsgrunn,Telemark,Porsgrunn,24.102,2020-01-01,206328.2,B,,,tonn,6261,973095358
Eramet norway as porsgrunn,Telemark,Porsgrunn,24.102,2021-01-01,178417.6,B,,,tonn,6261,973095358
Eramet norway as porsgrunn,Telemark,Porsgrunn,24.102,2022-01-01,206619.2,B,,,tonn,6261,973095358
Eramet norway as porsgrunn,Telemark,Porsgrunn,24.102,2023-01-01,122354.6,B,,,tonn,6261,973095358
"Wienerberger, bratsberg teglverk",Telemark,Nome,46.739,2001-01-01,6539.36,B,,,tonn,6313,973068644
"Wienerberger, bratsberg teglverk",Telemark,Nome,46.739,2002-01-01,6937.25,B,,,tonn,6313,973068644
"Wienerberger, bratsberg teglverk",Telemark,Nome,46.739,2003-01-01,6720.92,B,,,tonn,6313,973068644
"Wienerberger, bratsberg teglverk",Telemark,Nome,46.739,2004-01-01,6834.01,B,,,tonn,6313,973068644
"Wienerberger, bratsberg teglverk",Telemark,Nome,46.739,2005-01-01,6834.76,B,,,tonn,6313,973068644
"Wienerberger, bratsberg teglverk",Telemark,Nome,46.739,2006-01-01,27.03,B,,,tonn,6313,973068644
"Wienerberger, bratsberg teglverk",Telemark,Nome,46.739,2007-01-01,6172.62,B,,,tonn,6313,973068644
"Wienerberger, bratsberg teglverk",Telemark,Nome,46.739,2008-01-01,5342.48,B,,,tonn,6313,973068644
"Wienerberger, bratsberg teglverk",Telemark,Nome,46.739,2009-01-01,6580.61,B,,,tonn,6313,973068644
"Wienerberger, bratsberg teglverk",Telemark,Nome,46.739,2010-01-01,6252.7,B,,,tonn,6313,973068644
"Wienerberger, bratsberg teglverk",Telemark,Nome,46.739,2011-01-01,5585.0,B,,,tonn,6313,973068644
"Wienerberger, bratsberg teglverk",Telemark,Nome,46.739,2012-01-01,6329.0,B,,,tonn,6313,973068644
"Wienerberger, bratsberg teglverk",Telemark,Nome,46.739,2013-01-01,4300.0,B,,,tonn,6313,973068644
"Wienerberger, bratsberg teglverk",Telemark,Nome,46.739,2014-01-01,4000.0,B,,,tonn,6313,973068644
Ulefos jernværk as,Telemark,Nome,24.510,2001-01-01,580.0,B,,,tonn,6315,972424978
Ulefos jernværk as,Telemark,Nome,24.510,2002-01-01,500.0,B,,,tonn,6315,972424978
Ulefos jernværk as,Telemark,Nome,24.510,2003-01-01,500.0,B,,,tonn,6315,972424978
Ulefos jernværk as,Telemark,Nome,24.510,2004-01-01,400.0,B,,,tonn,6315,972424978
Ulefos jernværk as,Telemark,Nome,24.510,2005-01-01,430.0,B,,,tonn,6315,972424978
Ulefos jernværk as,Telemark,Nome,24.510,2006-01-01,500.0,B,,,tonn,6315,972424978
Ulefos jernværk as,Telemark,Nome,24.510,2007-01-01,492.0,B,,,tonn,6315,972424978
Ulefos jernværk as,Telemark,Nome,24.510,2008-01-01,447.0,B,,,tonn,6315,972424978
Ulefos jernværk as,Telemark,Nome,24.510,2009-01-01,492.0,B,,,tonn,6315,972424978
Ulefos jernværk as,Telemark,Nome,24.510,2010-01-01,579.0,B,,,tonn,6315,972424978
Ulefos jernværk as,Telemark,Nome,24.510,2011-01-01,670.0,B,,,tonn,6315,972424978
Ulefos jernværk as,Telemark,Nome,24.510,2012-01-01,536.0,B,,,tonn,6315,972424978
Ulefos jernværk as,Telemark,Nome,24.510,2013-01-01,506.0,B,,,tonn,6315,972424978
Ulefos jernværk as,Telemark,Nome,24.510,2014-01-01,301.0,B,,,tonn,6315,972424978
Ulefos jernværk as,Telemark,Nome,24.510,2015-01-01,237.0,B,,,tonn,6315,972424978
Ulefos jernværk as,Telemark,Nome,24.510,2016-01-01,267.0,B,,,tonn,6315,972424978
Ulefos jernværk as,Telemark,Nome,24.510,2017-01-01,251.0,B,,,tonn,6315,972424978
Ulefos jernværk as,Telemark,Nome,24.510,2018-01-01,260.0,B,,,tonn,6315,972424978
Ulefos jernværk as,Telemark,Nome,24.510,2019-01-01,367.0,B,,,tonn,6315,972424978
Ulefos jernværk as,Telemark,Nome,24.510,2020-01-01,266.0,B,,,tonn,6315,972424978
Ulefos jernværk as,Telemark,Nome,24.510,2022-01-01,920.0,B,,,tonn,6315,972424978
Ulefos jernværk as,Telemark,Nome,24.510,2023-01-01,940.0,B,,,tonn,6315,972424978
Heidelberg materials miljø as avd. brevik,Telemark,Porsgrunn,38.220,2005-01-01,470.0,B,,,tonn,6620,980568652
Heidelberg materials miljø as avd. brevik,Telemark,Porsgrunn,38.220,2006-01-01,430.0,B,,,tonn,6620,980568652
Heidelberg materials miljø as avd. brevik,Telemark,Porsgrunn,38.220,2007-01-01,594.0,B,,,tonn,6620,980568652
Heidelberg materials miljø as avd. brevik,Telemark,Porsgrunn,38.220,2008-01-01,431.0,B,,,tonn,6620,980568652
Heidelberg materials miljø as avd. brevik,Telemark,Porsgrunn,38.220,2009-01-01,492.0,B,,,tonn,6620,980568652
Heidelberg materials miljø as avd. brevik,Telemark,Porsgrunn,38.220,2010-01-01,554.0,B,,,tonn,6620,980568652
Heidelberg materials miljø as avd. brevik,Telemark,Porsgrunn,38.220,2011-01-01,560.0,B,,,tonn,6620,980568652
Heidelberg materials miljø as avd. brevik,Telemark,Porsgrunn,38.220,2012-01-01,530.0,B,,,tonn,6620,980568652
Heidelberg materials miljø as avd. brevik,Telemark,Porsgrunn,38.220,2013-01-01,593.0,B,,,tonn,6620,980568652
Heidelberg materials miljø as avd. brevik,Telemark,Porsgrunn,38.220,2014-01-01,545.0,B,,,tonn,6620,980568652
Heidelberg materials miljø as avd. brevik,Telemark,Porsgrunn,38.220,2015-01-01,493.0,B,,,tonn,6620,980568652
Heidelberg materials miljø as avd. brevik,Telemark,Porsgrunn,38.220,2016-01-01,535.0,B,,,tonn,6620,980568652
Heidelberg materials miljø as avd. brevik,Telemark,Porsgrunn,38.220,2017-01-01,516.0,B,,,tonn,6620,980568652
Heidelberg materials miljø as avd. brevik,Telemark,Porsgrunn,38.220,2018-01-01,505.0,B,,,tonn,6620,980568652
Heidelberg materials miljø as avd. brevik,Telemark,Porsgrunn,38.220,2019-01-01,621.0,B,,,tonn,6620,980568652
Heidelberg materials miljø as avd. brevik,Telemark,Porsgrunn,38.220,2020-01-01,605.0,B,,,tonn,6620,980568652
Heidelberg materials miljø as avd. brevik,Telemark,Porsgrunn,38.220,2021-01-01,615.0,B,,,tonn,6620,980568652
Heidelberg materials miljø as avd. brevik,Telemark,Porsgrunn,38.220,2022-01-01,608.0,B,,,tonn,6620,980568652
Heidelberg materials miljø as avd. brevik,Telemark,Porsgrunn,38.220,2023-01-01,700.0,B,,,tonn,6620,980568652
Tine meieriet haukeli,Telemark,Vinje,10.510,2001-01-01,7.44,B,,,tonn,6632,974084309
Tine meieriet haukeli,Telemark,Vinje,10.510,2002-01-01,7.44,B,,,tonn,6632,974084309
Borgestad fabrikker a.s,Telemark,Skien,46.693,2001-01-01,3.54,B,,,tonn,7576,974074605
Borgestad fabrikker a.s,Telemark,Skien,46.693,2002-01-01,6.48,B,,,tonn,7576,974074605
