Geografi,År,Kjønn,Alder vises ikke,Fornøydhet med helsa,SOES,Måltall,value
Hele landet,2012,kjønn samlet,8-10.trinn,Litt eller svært fornøyd,SOES 0,"andel (prosent, standardisert)",71.9517960789048
Hele landet,2012,gutter,8-10.trinn,Litt eller svært fornøyd,SOES 0,"andel (prosent, standardisert)",76.7113186678137
Hele landet,2012,jenter,8-10.trinn,Litt eller svært fornøyd,SOES 0,"andel (prosent, standardisert)",67.3585166735852
Hele landet,2013,kjønn samlet,8-10.trinn,Litt eller svært fornøyd,SOES 0,"andel (prosent, standardisert)",71.9517960789048
Hele landet,2013,gutter,8-10.trinn,Litt eller svært fornøyd,SOES 0,"andel (prosent, standardisert)",76.7113186678137
Hele landet,2013,jenter,8-10.trinn,Litt eller svært fornøyd,SOES 0,"andel (prosent, standardisert)",67.3585166735852
Hele landet,2014,kjønn samlet,8-10.trinn,Litt eller svært fornøyd,SOES 0,"andel (prosent, standardisert)",71.9517960789048
Hele landet,2014,gutter,8-10.trinn,Litt eller svært fornøyd,SOES 0,"andel (prosent, standardisert)",76.7113186678137
Hele landet,2014,jenter,8-10.trinn,Litt eller svært fornøyd,SOES 0,"andel (prosent, standardisert)",67.3585166735852
Hele landet,2015,kjønn samlet,8-10.trinn,Litt eller svært fornøyd,SOES 0,"andel (prosent, standardisert)",72.0399488258842
Hele landet,2015,gutter,8-10.trinn,Litt eller svært fornøyd,SOES 0,"andel (prosent, standardisert)",76.934082951791
Hele landet,2015,jenter,8-10.trinn,Litt eller svært fornøyd,SOES 0,"andel (prosent, standardisert)",67.3312063743988
Hele landet,2016,kjønn samlet,8-10.trinn,Litt eller svært fornøyd,SOES 0,"andel (prosent, standardisert)",71.3081956873103
Hele landet,2016,gutter,8-10.trinn,Litt eller svært fornøyd,SOES 0,"andel (prosent, standardisert)",76.2870920623487
Hele landet,2016,jenter,8-10.trinn,Litt eller svært fornøyd,SOES 0,"andel (prosent, standardisert)",66.4756947816123
Hele landet,2017,kjønn samlet,8-10.trinn,Litt eller svært fornøyd,SOES 0,"andel (prosent, standardisert)",71.1727842435094
Hele landet,2017,gutter,8-10.trinn,Litt eller svært fornøyd,SOES 0,"andel (prosent, standardisert)",76.3856104239449
Hele landet,2017,jenter,8-10.trinn,Litt eller svært fornøyd,SOES 0,"andel (prosent, standardisert)",66.0694202652945
Hele landet,2018,kjønn samlet,8-10.trinn,Litt eller svært fornøyd,SOES 0,"andel (prosent, standardisert)",70.5737142151833
Hele landet,2018,gutter,8-10.trinn,Litt eller svært fornøyd,SOES 0,"andel (prosent, standardisert)",75.9481457273138
Hele landet,2018,jenter,8-10.trinn,Litt eller svært fornøyd,SOES 0,"andel (prosent, standardisert)",65.2909502539314
Hele landet,2019,kjønn samlet,8-10.trinn,Litt eller svært fornøyd,SOES 0,"andel (prosent, standardisert)",69.856650483136
Hele landet,2019,gutter,8-10.trinn,Litt eller svært fornøyd,SOES 0,"andel (prosent, standardisert)",75.6012141022648
Hele landet,2019,jenter,8-10.trinn,Litt eller svært fornøyd,SOES 0,"andel (prosent, standardisert)",64.2700681180713
Hele landet,2020,kjønn samlet,8-10.trinn,Litt eller svært fornøyd,SOES 0,"andel (prosent, standardisert)",70.1181093339446
Hele landet,2020,gutter,8-10.trinn,Litt eller svært fornøyd,SOES 0,"andel (prosent, standardisert)",76.1222585836328
Hele landet,2020,jenter,8-10.trinn,Litt eller svært fornøyd,SOES 0,"andel (prosent, standardisert)",64.3647521761984
Hele landet,2021,kjønn samlet,8-10.trinn,Litt eller svært fornøyd,SOES 0,"andel (prosent, standardisert)",68.038383978861
Hele landet,2021,gutter,8-10.trinn,Litt eller svært fornøyd,SOES 0,"andel (prosent, standardisert)",76.1404003383141
Hele landet,2021,jenter,8-10.trinn,Litt eller svært fornøyd,SOES 0,"andel (prosent, standardisert)",60.1509537532592
Hele landet,2022,kjønn samlet,8-10.trinn,Litt eller svært fornøyd,SOES 0,"andel (prosent, standardisert)",67.1434886393776
Hele landet,2022,gutter,8-10.trinn,Litt eller svært fornøyd,SOES 0,"andel (prosent, standardisert)",76.0548335410361
Hele landet,2022,jenter,8-10.trinn,Litt eller svært fornøyd,SOES 0,"andel (prosent, standardisert)",58.3526519142958
Hele landet,2023,kjønn samlet,8-10.trinn,Litt eller svært fornøyd,SOES 0,"andel (prosent, standardisert)",67.9715975549473
Hele landet,2023,gutter,8-10.trinn,Litt eller svært fornøyd,SOES 0,"andel (prosent, standardisert)",76.5620489698492
Hele landet,2023,jenter,8-10.trinn,Litt eller svært fornøyd,SOES 0,"andel (prosent, standardisert)",59.573577939657
Hele landet,2024,kjønn samlet,8-10.trinn,Litt eller svært fornøyd,SOES 0,"andel (prosent, standardisert)",66.3450365900542
Hele landet,2024,gutter,8-10.trinn,Litt eller svært fornøyd,SOES 0,"andel (prosent, standardisert)",74.9847299876629
Hele landet,2024,jenter,8-10.trinn,Litt eller svært fornøyd,SOES 0,"andel (prosent, standardisert)",57.8582376074917
Telemark,2012,kjønn samlet,8-10.trinn,Litt eller svært fornøyd,SOES 0,"andel (prosent, standardisert)",:
Telemark,2012,gutter,8-10.trinn,Litt eller svært fornøyd,SOES 0,"andel (prosent, standardisert)",:
Telemark,2012,jenter,8-10.trinn,Litt eller svært fornøyd,SOES 0,"andel (prosent, standardisert)",:
Telemark,2013,kjønn samlet,8-10.trinn,Litt eller svært fornøyd,SOES 0,"andel (prosent, standardisert)",:
Telemark,2013,gutter,8-10.trinn,Litt eller svært fornøyd,SOES 0,"andel (prosent, standardisert)",:
Telemark,2013,jenter,8-10.trinn,Litt eller svært fornøyd,SOES 0,"andel (prosent, standardisert)",:
Telemark,2014,kjønn samlet,8-10.trinn,Litt eller svært fornøyd,SOES 0,"andel (prosent, standardisert)",:
Telemark,2014,gutter,8-10.trinn,Litt eller svært fornøyd,SOES 0,"andel (prosent, standardisert)",:
Telemark,2014,jenter,8-10.trinn,Litt eller svært fornøyd,SOES 0,"andel (prosent, standardisert)",:
Telemark,2015,kjønn samlet,8-10.trinn,Litt eller svært fornøyd,SOES 0,"andel (prosent, standardisert)",71.2884112146439
Telemark,2015,gutter,8-10.trinn,Litt eller svært fornøyd,SOES 0,"andel (prosent, standardisert)",76.6226719527979
Telemark,2015,jenter,8-10.trinn,Litt eller svært fornøyd,SOES 0,"andel (prosent, standardisert)",66.1443697952001
Telemark,2016,kjønn samlet,8-10.trinn,Litt eller svært fornøyd,SOES 0,"andel (prosent, standardisert)",71.0088466380854
Telemark,2016,gutter,8-10.trinn,Litt eller svært fornøyd,SOES 0,"andel (prosent, standardisert)",76.6231570967342
Telemark,2016,jenter,8-10.trinn,Litt eller svært fornøyd,SOES 0,"andel (prosent, standardisert)",65.5515765255347
Telemark,2017,kjønn samlet,8-10.trinn,Litt eller svært fornøyd,SOES 0,"andel (prosent, standardisert)",71.1976353883784
Telemark,2017,gutter,8-10.trinn,Litt eller svært fornøyd,SOES 0,"andel (prosent, standardisert)",76.9286714760395
Telemark,2017,jenter,8-10.trinn,Litt eller svært fornøyd,SOES 0,"andel (prosent, standardisert)",65.5840339403424
Telemark,2018,kjønn samlet,8-10.trinn,Litt eller svært fornøyd,SOES 0,"andel (prosent, standardisert)",68.0552519507116
Telemark,2018,gutter,8-10.trinn,Litt eller svært fornøyd,SOES 0,"andel (prosent, standardisert)",74.3181900816421
Telemark,2018,jenter,8-10.trinn,Litt eller svært fornøyd,SOES 0,"andel (prosent, standardisert)",61.9032168850886
Telemark,2019,kjønn samlet,8-10.trinn,Litt eller svært fornøyd,SOES 0,"andel (prosent, standardisert)",68.0294447948182
Telemark,2019,gutter,8-10.trinn,Litt eller svært fornøyd,SOES 0,"andel (prosent, standardisert)",74.3343691303836
Telemark,2019,jenter,8-10.trinn,Litt eller svært fornøyd,SOES 0,"andel (prosent, standardisert)",61.8934357537884
Telemark,2020,kjønn samlet,8-10.trinn,Litt eller svært fornøyd,SOES 0,"andel (prosent, standardisert)",67.9641634052205
Telemark,2020,gutter,8-10.trinn,Litt eller svært fornøyd,SOES 0,"andel (prosent, standardisert)",74.3140794710659
Telemark,2020,jenter,8-10.trinn,Litt eller svært fornøyd,SOES 0,"andel (prosent, standardisert)",61.8686429065581
Telemark,2021,kjønn samlet,8-10.trinn,Litt eller svært fornøyd,SOES 0,"andel (prosent, standardisert)",67.7932171772327
Telemark,2021,gutter,8-10.trinn,Litt eller svært fornøyd,SOES 0,"andel (prosent, standardisert)",76.1640406730892
Telemark,2021,jenter,8-10.trinn,Litt eller svært fornøyd,SOES 0,"andel (prosent, standardisert)",59.6425554924705
Telemark,2022,kjønn samlet,8-10.trinn,Litt eller svært fornøyd,SOES 0,"andel (prosent, standardisert)",:
Telemark,2022,gutter,8-10.trinn,Litt eller svært fornøyd,SOES 0,"andel (prosent, standardisert)",:
Telemark,2022,jenter,8-10.trinn,Litt eller svært fornøyd,SOES 0,"andel (prosent, standardisert)",:
Telemark,2023,kjønn samlet,8-10.trinn,Litt eller svært fornøyd,SOES 0,"andel (prosent, standardisert)",:
Telemark,2023,gutter,8-10.trinn,Litt eller svært fornøyd,SOES 0,"andel (prosent, standardisert)",:
Telemark,2023,jenter,8-10.trinn,Litt eller svært fornøyd,SOES 0,"andel (prosent, standardisert)",:
Telemark,2024,kjønn samlet,8-10.trinn,Litt eller svært fornøyd,SOES 0,"andel (prosent, standardisert)",66.1440231225278
Telemark,2024,gutter,8-10.trinn,Litt eller svært fornøyd,SOES 0,"andel (prosent, standardisert)",75.0886667602405
Telemark,2024,jenter,8-10.trinn,Litt eller svært fornøyd,SOES 0,"andel (prosent, standardisert)",57.3542389120601
Porsgrunn,2012,kjønn samlet,8-10.trinn,Litt eller svært fornøyd,SOES 0,"andel (prosent, standardisert)",67.8433974624078
Porsgrunn,2012,gutter,8-10.trinn,Litt eller svært fornøyd,SOES 0,"andel (prosent, standardisert)",72.5881485163766
Porsgrunn,2012,jenter,8-10.trinn,Litt eller svært fornøyd,SOES 0,"andel (prosent, standardisert)",63.2969369624503
Porsgrunn,2013,kjønn samlet,8-10.trinn,Litt eller svært fornøyd,SOES 0,"andel (prosent, standardisert)",.
Porsgrunn,2013,gutter,8-10.trinn,Litt eller svært fornøyd,SOES 0,"andel (prosent, standardisert)",.
Porsgrunn,2013,jenter,8-10.trinn,Litt eller svært fornøyd,SOES 0,"andel (prosent, standardisert)",.
Porsgrunn,2014,kjønn samlet,8-10.trinn,Litt eller svært fornøyd,SOES 0,"andel (prosent, standardisert)",.
Porsgrunn,2014,gutter,8-10.trinn,Litt eller svært fornøyd,SOES 0,"andel (prosent, standardisert)",.
Porsgrunn,2014,jenter,8-10.trinn,Litt eller svært fornøyd,SOES 0,"andel (prosent, standardisert)",.
Porsgrunn,2015,kjønn samlet,8-10.trinn,Litt eller svært fornøyd,SOES 0,"andel (prosent, standardisert)",71.518464890827
Porsgrunn,2015,gutter,8-10.trinn,Litt eller svært fornøyd,SOES 0,"andel (prosent, standardisert)",78.4625731462028
Porsgrunn,2015,jenter,8-10.trinn,Litt eller svært fornøyd,SOES 0,"andel (prosent, standardisert)",64.9125413182024
Porsgrunn,2016,kjønn samlet,8-10.trinn,Litt eller svært fornøyd,SOES 0,"andel (prosent, standardisert)",.
Porsgrunn,2016,gutter,8-10.trinn,Litt eller svært fornøyd,SOES 0,"andel (prosent, standardisert)",.
Porsgrunn,2016,jenter,8-10.trinn,Litt eller svært fornøyd,SOES 0,"andel (prosent, standardisert)",.
Porsgrunn,2017,kjønn samlet,8-10.trinn,Litt eller svært fornøyd,SOES 0,"andel (prosent, standardisert)",.
Porsgrunn,2017,gutter,8-10.trinn,Litt eller svært fornøyd,SOES 0,"andel (prosent, standardisert)",.
Porsgrunn,2017,jenter,8-10.trinn,Litt eller svært fornøyd,SOES 0,"andel (prosent, standardisert)",.
Porsgrunn,2018,kjønn samlet,8-10.trinn,Litt eller svært fornøyd,SOES 0,"andel (prosent, standardisert)",69.080506373095
Porsgrunn,2018,gutter,8-10.trinn,Litt eller svært fornøyd,SOES 0,"andel (prosent, standardisert)",73.3104155879642
Porsgrunn,2018,jenter,8-10.trinn,Litt eller svært fornøyd,SOES 0,"andel (prosent, standardisert)",64.8563362075398
Porsgrunn,2019,kjønn samlet,8-10.trinn,Litt eller svært fornøyd,SOES 0,"andel (prosent, standardisert)",.
Porsgrunn,2019,gutter,8-10.trinn,Litt eller svært fornøyd,SOES 0,"andel (prosent, standardisert)",.
Porsgrunn,2019,jenter,8-10.trinn,Litt eller svært fornøyd,SOES 0,"andel (prosent, standardisert)",.
Porsgrunn,2020,kjønn samlet,8-10.trinn,Litt eller svært fornøyd,SOES 0,"andel (prosent, standardisert)",.
Porsgrunn,2020,gutter,8-10.trinn,Litt eller svært fornøyd,SOES 0,"andel (prosent, standardisert)",.
Porsgrunn,2020,jenter,8-10.trinn,Litt eller svært fornøyd,SOES 0,"andel (prosent, standardisert)",.
Porsgrunn,2021,kjønn samlet,8-10.trinn,Litt eller svært fornøyd,SOES 0,"andel (prosent, standardisert)",66.7553254554701
Porsgrunn,2021,gutter,8-10.trinn,Litt eller svært fornøyd,SOES 0,"andel (prosent, standardisert)",76.5825017226563
Porsgrunn,2021,jenter,8-10.trinn,Litt eller svært fornøyd,SOES 0,"andel (prosent, standardisert)",57.1841335179729
Porsgrunn,2022,kjønn samlet,8-10.trinn,Litt eller svært fornøyd,SOES 0,"andel (prosent, standardisert)",.
Porsgrunn,2022,gutter,8-10.trinn,Litt eller svært fornøyd,SOES 0,"andel (prosent, standardisert)",.
Porsgrunn,2022,jenter,8-10.trinn,Litt eller svært fornøyd,SOES 0,"andel (prosent, standardisert)",.
Porsgrunn,2023,kjønn samlet,8-10.trinn,Litt eller svært fornøyd,SOES 0,"andel (prosent, standardisert)",.
Porsgrunn,2023,gutter,8-10.trinn,Litt eller svært fornøyd,SOES 0,"andel (prosent, standardisert)",.
Porsgrunn,2023,jenter,8-10.trinn,Litt eller svært fornøyd,SOES 0,"andel (prosent, standardisert)",.
Porsgrunn,2024,kjønn samlet,8-10.trinn,Litt eller svært fornøyd,SOES 0,"andel (prosent, standardisert)",64.8503389095255
Porsgrunn,2024,gutter,8-10.trinn,Litt eller svært fornøyd,SOES 0,"andel (prosent, standardisert)",74.6054201933986
Porsgrunn,2024,jenter,8-10.trinn,Litt eller svært fornøyd,SOES 0,"andel (prosent, standardisert)",55.2458341803619
Skien,2012,kjønn samlet,8-10.trinn,Litt eller svært fornøyd,SOES 0,"andel (prosent, standardisert)",.
Skien,2012,gutter,8-10.trinn,Litt eller svært fornøyd,SOES 0,"andel (prosent, standardisert)",.
Skien,2012,jenter,8-10.trinn,Litt eller svært fornøyd,SOES 0,"andel (prosent, standardisert)",.
Skien,2013,kjønn samlet,8-10.trinn,Litt eller svært fornøyd,SOES 0,"andel (prosent, standardisert)",.
Skien,2013,gutter,8-10.trinn,Litt eller svært fornøyd,SOES 0,"andel (prosent, standardisert)",.
Skien,2013,jenter,8-10.trinn,Litt eller svært fornøyd,SOES 0,"andel (prosent, standardisert)",.
Skien,2014,kjønn samlet,8-10.trinn,Litt eller svært fornøyd,SOES 0,"andel (prosent, standardisert)",.
Skien,2014,gutter,8-10.trinn,Litt eller svært fornøyd,SOES 0,"andel (prosent, standardisert)",.
Skien,2014,jenter,8-10.trinn,Litt eller svært fornøyd,SOES 0,"andel (prosent, standardisert)",.
Skien,2015,kjønn samlet,8-10.trinn,Litt eller svært fornøyd,SOES 0,"andel (prosent, standardisert)",71.5818902018251
Skien,2015,gutter,8-10.trinn,Litt eller svært fornøyd,SOES 0,"andel (prosent, standardisert)",77.5613049668185
Skien,2015,jenter,8-10.trinn,Litt eller svært fornøyd,SOES 0,"andel (prosent, standardisert)",65.6987769783002
Skien,2016,kjønn samlet,8-10.trinn,Litt eller svært fornøyd,SOES 0,"andel (prosent, standardisert)",.
Skien,2016,gutter,8-10.trinn,Litt eller svært fornøyd,SOES 0,"andel (prosent, standardisert)",.
Skien,2016,jenter,8-10.trinn,Litt eller svært fornøyd,SOES 0,"andel (prosent, standardisert)",.
Skien,2017,kjønn samlet,8-10.trinn,Litt eller svært fornøyd,SOES 0,"andel (prosent, standardisert)",.
Skien,2017,gutter,8-10.trinn,Litt eller svært fornøyd,SOES 0,"andel (prosent, standardisert)",.
Skien,2017,jenter,8-10.trinn,Litt eller svært fornøyd,SOES 0,"andel (prosent, standardisert)",.
Skien,2018,kjønn samlet,8-10.trinn,Litt eller svært fornøyd,SOES 0,"andel (prosent, standardisert)",68.4094220948534
Skien,2018,gutter,8-10.trinn,Litt eller svært fornøyd,SOES 0,"andel (prosent, standardisert)",75.1776152138848
Skien,2018,jenter,8-10.trinn,Litt eller svært fornøyd,SOES 0,"andel (prosent, standardisert)",61.6938519541362
Skien,2019,kjønn samlet,8-10.trinn,Litt eller svært fornøyd,SOES 0,"andel (prosent, standardisert)",.
Skien,2019,gutter,8-10.trinn,Litt eller svært fornøyd,SOES 0,"andel (prosent, standardisert)",.
Skien,2019,jenter,8-10.trinn,Litt eller svært fornøyd,SOES 0,"andel (prosent, standardisert)",.
Skien,2020,kjønn samlet,8-10.trinn,Litt eller svært fornøyd,SOES 0,"andel (prosent, standardisert)",.
Skien,2020,gutter,8-10.trinn,Litt eller svært fornøyd,SOES 0,"andel (prosent, standardisert)",.
Skien,2020,jenter,8-10.trinn,Litt eller svært fornøyd,SOES 0,"andel (prosent, standardisert)",.
Skien,2021,kjønn samlet,8-10.trinn,Litt eller svært fornøyd,SOES 0,"andel (prosent, standardisert)",67.0808279338022
Skien,2021,gutter,8-10.trinn,Litt eller svært fornøyd,SOES 0,"andel (prosent, standardisert)",77.3388007581225
Skien,2021,jenter,8-10.trinn,Litt eller svært fornøyd,SOES 0,"andel (prosent, standardisert)",57.2005683296468
Skien,2022,kjønn samlet,8-10.trinn,Litt eller svært fornøyd,SOES 0,"andel (prosent, standardisert)",.
Skien,2022,gutter,8-10.trinn,Litt eller svært fornøyd,SOES 0,"andel (prosent, standardisert)",.
Skien,2022,jenter,8-10.trinn,Litt eller svært fornøyd,SOES 0,"andel (prosent, standardisert)",.
Skien,2023,kjønn samlet,8-10.trinn,Litt eller svært fornøyd,SOES 0,"andel (prosent, standardisert)",.
Skien,2023,gutter,8-10.trinn,Litt eller svært fornøyd,SOES 0,"andel (prosent, standardisert)",.
Skien,2023,jenter,8-10.trinn,Litt eller svært fornøyd,SOES 0,"andel (prosent, standardisert)",.
Skien,2024,kjønn samlet,8-10.trinn,Litt eller svært fornøyd,SOES 0,"andel (prosent, standardisert)",67.3002294690595
Skien,2024,gutter,8-10.trinn,Litt eller svært fornøyd,SOES 0,"andel (prosent, standardisert)",75.3345668088909
Skien,2024,jenter,8-10.trinn,Litt eller svært fornøyd,SOES 0,"andel (prosent, standardisert)",59.3927634979376
Notodden,2012,kjønn samlet,8-10.trinn,Litt eller svært fornøyd,SOES 0,"andel (prosent, standardisert)",.
Notodden,2012,gutter,8-10.trinn,Litt eller svært fornøyd,SOES 0,"andel (prosent, standardisert)",.
Notodden,2012,jenter,8-10.trinn,Litt eller svært fornøyd,SOES 0,"andel (prosent, standardisert)",.
Notodden,2013,kjønn samlet,8-10.trinn,Litt eller svært fornøyd,SOES 0,"andel (prosent, standardisert)",69.6747459852785
Notodden,2013,gutter,8-10.trinn,Litt eller svært fornøyd,SOES 0,"andel (prosent, standardisert)",71.1326824281953
Notodden,2013,jenter,8-10.trinn,Litt eller svært fornøyd,SOES 0,"andel (prosent, standardisert)",68.250102080631
Notodden,2014,kjønn samlet,8-10.trinn,Litt eller svært fornøyd,SOES 0,"andel (prosent, standardisert)",.
Notodden,2014,gutter,8-10.trinn,Litt eller svært fornøyd,SOES 0,"andel (prosent, standardisert)",.
Notodden,2014,jenter,8-10.trinn,Litt eller svært fornøyd,SOES 0,"andel (prosent, standardisert)",.
Notodden,2015,kjønn samlet,8-10.trinn,Litt eller svært fornøyd,SOES 0,"andel (prosent, standardisert)",70.5872385346384
Notodden,2015,gutter,8-10.trinn,Litt eller svært fornøyd,SOES 0,"andel (prosent, standardisert)",75.4908543332711
Notodden,2015,jenter,8-10.trinn,Litt eller svært fornøyd,SOES 0,"andel (prosent, standardisert)",65.8717424420765
Notodden,2016,kjønn samlet,8-10.trinn,Litt eller svært fornøyd,SOES 0,"andel (prosent, standardisert)",.
Notodden,2016,gutter,8-10.trinn,Litt eller svært fornøyd,SOES 0,"andel (prosent, standardisert)",.
Notodden,2016,jenter,8-10.trinn,Litt eller svært fornøyd,SOES 0,"andel (prosent, standardisert)",.
Notodden,2017,kjønn samlet,8-10.trinn,Litt eller svært fornøyd,SOES 0,"andel (prosent, standardisert)",.
Notodden,2017,gutter,8-10.trinn,Litt eller svært fornøyd,SOES 0,"andel (prosent, standardisert)",.
Notodden,2017,jenter,8-10.trinn,Litt eller svært fornøyd,SOES 0,"andel (prosent, standardisert)",.
Notodden,2018,kjønn samlet,8-10.trinn,Litt eller svært fornøyd,SOES 0,"andel (prosent, standardisert)",64.7489139832587
Notodden,2018,gutter,8-10.trinn,Litt eller svært fornøyd,SOES 0,"andel (prosent, standardisert)",74.201783386472
Notodden,2018,jenter,8-10.trinn,Litt eller svært fornøyd,SOES 0,"andel (prosent, standardisert)",55.4116012438591
Notodden,2019,kjønn samlet,8-10.trinn,Litt eller svært fornøyd,SOES 0,"andel (prosent, standardisert)",.
Notodden,2019,gutter,8-10.trinn,Litt eller svært fornøyd,SOES 0,"andel (prosent, standardisert)",.
Notodden,2019,jenter,8-10.trinn,Litt eller svært fornøyd,SOES 0,"andel (prosent, standardisert)",.
Notodden,2020,kjønn samlet,8-10.trinn,Litt eller svært fornøyd,SOES 0,"andel (prosent, standardisert)",.
Notodden,2020,gutter,8-10.trinn,Litt eller svært fornøyd,SOES 0,"andel (prosent, standardisert)",.
Notodden,2020,jenter,8-10.trinn,Litt eller svært fornøyd,SOES 0,"andel (prosent, standardisert)",.
Notodden,2021,kjønn samlet,8-10.trinn,Litt eller svært fornøyd,SOES 0,"andel (prosent, standardisert)",72.0900729563085
Notodden,2021,gutter,8-10.trinn,Litt eller svært fornøyd,SOES 0,"andel (prosent, standardisert)",79.8767908817096
Notodden,2021,jenter,8-10.trinn,Litt eller svært fornøyd,SOES 0,"andel (prosent, standardisert)",64.5359097025869
Notodden,2022,kjønn samlet,8-10.trinn,Litt eller svært fornøyd,SOES 0,"andel (prosent, standardisert)",.
Notodden,2022,gutter,8-10.trinn,Litt eller svært fornøyd,SOES 0,"andel (prosent, standardisert)",.
Notodden,2022,jenter,8-10.trinn,Litt eller svært fornøyd,SOES 0,"andel (prosent, standardisert)",.
Notodden,2023,kjønn samlet,8-10.trinn,Litt eller svært fornøyd,SOES 0,"andel (prosent, standardisert)",.
Notodden,2023,gutter,8-10.trinn,Litt eller svært fornøyd,SOES 0,"andel (prosent, standardisert)",.
Notodden,2023,jenter,8-10.trinn,Litt eller svært fornøyd,SOES 0,"andel (prosent, standardisert)",.
Notodden,2024,kjønn samlet,8-10.trinn,Litt eller svært fornøyd,SOES 0,"andel (prosent, standardisert)",61.4871592448317
Notodden,2024,gutter,8-10.trinn,Litt eller svært fornøyd,SOES 0,"andel (prosent, standardisert)",73.6054410329138
Notodden,2024,jenter,8-10.trinn,Litt eller svært fornøyd,SOES 0,"andel (prosent, standardisert)",49.6923536080128
Siljan,2012,kjønn samlet,8-10.trinn,Litt eller svært fornøyd,SOES 0,"andel (prosent, standardisert)",.
Siljan,2012,gutter,8-10.trinn,Litt eller svært fornøyd,SOES 0,"andel (prosent, standardisert)",.
Siljan,2012,jenter,8-10.trinn,Litt eller svært fornøyd,SOES 0,"andel (prosent, standardisert)",.
Siljan,2013,kjønn samlet,8-10.trinn,Litt eller svært fornøyd,SOES 0,"andel (prosent, standardisert)",.
Siljan,2013,gutter,8-10.trinn,Litt eller svært fornøyd,SOES 0,"andel (prosent, standardisert)",.
Siljan,2013,jenter,8-10.trinn,Litt eller svært fornøyd,SOES 0,"andel (prosent, standardisert)",.
Siljan,2014,kjønn samlet,8-10.trinn,Litt eller svært fornøyd,SOES 0,"andel (prosent, standardisert)",.
Siljan,2014,gutter,8-10.trinn,Litt eller svært fornøyd,SOES 0,"andel (prosent, standardisert)",.
Siljan,2014,jenter,8-10.trinn,Litt eller svært fornøyd,SOES 0,"andel (prosent, standardisert)",.
Siljan,2015,kjønn samlet,8-10.trinn,Litt eller svært fornøyd,SOES 0,"andel (prosent, standardisert)",70.6421963241541
Siljan,2015,gutter,8-10.trinn,Litt eller svært fornøyd,SOES 0,"andel (prosent, standardisert)",76.8453045077416
Siljan,2015,jenter,8-10.trinn,Litt eller svært fornøyd,SOES 0,"andel (prosent, standardisert)",64.3323460984244
Siljan,2016,kjønn samlet,8-10.trinn,Litt eller svært fornøyd,SOES 0,"andel (prosent, standardisert)",.
Siljan,2016,gutter,8-10.trinn,Litt eller svært fornøyd,SOES 0,"andel (prosent, standardisert)",.
Siljan,2016,jenter,8-10.trinn,Litt eller svært fornøyd,SOES 0,"andel (prosent, standardisert)",.
Siljan,2017,kjønn samlet,8-10.trinn,Litt eller svært fornøyd,SOES 0,"andel (prosent, standardisert)",.
Siljan,2017,gutter,8-10.trinn,Litt eller svært fornøyd,SOES 0,"andel (prosent, standardisert)",.
Siljan,2017,jenter,8-10.trinn,Litt eller svært fornøyd,SOES 0,"andel (prosent, standardisert)",.
Siljan,2018,kjønn samlet,8-10.trinn,Litt eller svært fornøyd,SOES 0,"andel (prosent, standardisert)",56.5780582526454
Siljan,2018,gutter,8-10.trinn,Litt eller svært fornøyd,SOES 0,"andel (prosent, standardisert)",60.1296686465393
Siljan,2018,jenter,8-10.trinn,Litt eller svært fornøyd,SOES 0,"andel (prosent, standardisert)",52.887703562968
Siljan,2019,kjønn samlet,8-10.trinn,Litt eller svært fornøyd,SOES 0,"andel (prosent, standardisert)",.
Siljan,2019,gutter,8-10.trinn,Litt eller svært fornøyd,SOES 0,"andel (prosent, standardisert)",.
Siljan,2019,jenter,8-10.trinn,Litt eller svært fornøyd,SOES 0,"andel (prosent, standardisert)",.
Siljan,2020,kjønn samlet,8-10.trinn,Litt eller svært fornøyd,SOES 0,"andel (prosent, standardisert)",.
Siljan,2020,gutter,8-10.trinn,Litt eller svært fornøyd,SOES 0,"andel (prosent, standardisert)",.
Siljan,2020,jenter,8-10.trinn,Litt eller svært fornøyd,SOES 0,"andel (prosent, standardisert)",.
Siljan,2021,kjønn samlet,8-10.trinn,Litt eller svært fornøyd,SOES 0,"andel (prosent, standardisert)",.
Siljan,2021,gutter,8-10.trinn,Litt eller svært fornøyd,SOES 0,"andel (prosent, standardisert)",.
Siljan,2021,jenter,8-10.trinn,Litt eller svært fornøyd,SOES 0,"andel (prosent, standardisert)",.
Siljan,2022,kjønn samlet,8-10.trinn,Litt eller svært fornøyd,SOES 0,"andel (prosent, standardisert)",.
Siljan,2022,gutter,8-10.trinn,Litt eller svært fornøyd,SOES 0,"andel (prosent, standardisert)",.
Siljan,2022,jenter,8-10.trinn,Litt eller svært fornøyd,SOES 0,"andel (prosent, standardisert)",.
Siljan,2023,kjønn samlet,8-10.trinn,Litt eller svært fornøyd,SOES 0,"andel (prosent, standardisert)",.
Siljan,2023,gutter,8-10.trinn,Litt eller svært fornøyd,SOES 0,"andel (prosent, standardisert)",.
Siljan,2023,jenter,8-10.trinn,Litt eller svært fornøyd,SOES 0,"andel (prosent, standardisert)",.
Siljan,2024,kjønn samlet,8-10.trinn,Litt eller svært fornøyd,SOES 0,"andel (prosent, standardisert)",.
Siljan,2024,gutter,8-10.trinn,Litt eller svært fornøyd,SOES 0,"andel (prosent, standardisert)",.
Siljan,2024,jenter,8-10.trinn,Litt eller svært fornøyd,SOES 0,"andel (prosent, standardisert)",.
Bamble,2012,kjønn samlet,8-10.trinn,Litt eller svært fornøyd,SOES 0,"andel (prosent, standardisert)",.
Bamble,2012,gutter,8-10.trinn,Litt eller svært fornøyd,SOES 0,"andel (prosent, standardisert)",.
Bamble,2012,jenter,8-10.trinn,Litt eller svært fornøyd,SOES 0,"andel (prosent, standardisert)",.
Bamble,2013,kjønn samlet,8-10.trinn,Litt eller svært fornøyd,SOES 0,"andel (prosent, standardisert)",.
Bamble,2013,gutter,8-10.trinn,Litt eller svært fornøyd,SOES 0,"andel (prosent, standardisert)",.
Bamble,2013,jenter,8-10.trinn,Litt eller svært fornøyd,SOES 0,"andel (prosent, standardisert)",.
Bamble,2014,kjønn samlet,8-10.trinn,Litt eller svært fornøyd,SOES 0,"andel (prosent, standardisert)",.
Bamble,2014,gutter,8-10.trinn,Litt eller svært fornøyd,SOES 0,"andel (prosent, standardisert)",.
Bamble,2014,jenter,8-10.trinn,Litt eller svært fornøyd,SOES 0,"andel (prosent, standardisert)",.
Bamble,2015,kjønn samlet,8-10.trinn,Litt eller svært fornøyd,SOES 0,"andel (prosent, standardisert)",72.8770717051193
Bamble,2015,gutter,8-10.trinn,Litt eller svært fornøyd,SOES 0,"andel (prosent, standardisert)",75.6715357425194
Bamble,2015,jenter,8-10.trinn,Litt eller svært fornøyd,SOES 0,"andel (prosent, standardisert)",70.458407617774
Bamble,2016,kjønn samlet,8-10.trinn,Litt eller svært fornøyd,SOES 0,"andel (prosent, standardisert)",.
Bamble,2016,gutter,8-10.trinn,Litt eller svært fornøyd,SOES 0,"andel (prosent, standardisert)",.
Bamble,2016,jenter,8-10.trinn,Litt eller svært fornøyd,SOES 0,"andel (prosent, standardisert)",.
Bamble,2017,kjønn samlet,8-10.trinn,Litt eller svært fornøyd,SOES 0,"andel (prosent, standardisert)",.
Bamble,2017,gutter,8-10.trinn,Litt eller svært fornøyd,SOES 0,"andel (prosent, standardisert)",.
Bamble,2017,jenter,8-10.trinn,Litt eller svært fornøyd,SOES 0,"andel (prosent, standardisert)",.
Bamble,2018,kjønn samlet,8-10.trinn,Litt eller svært fornøyd,SOES 0,"andel (prosent, standardisert)",69.138190104361
Bamble,2018,gutter,8-10.trinn,Litt eller svært fornøyd,SOES 0,"andel (prosent, standardisert)",72.283297038632
Bamble,2018,jenter,8-10.trinn,Litt eller svært fornøyd,SOES 0,"andel (prosent, standardisert)",66.0822802014392
Bamble,2019,kjønn samlet,8-10.trinn,Litt eller svært fornøyd,SOES 0,"andel (prosent, standardisert)",.
Bamble,2019,gutter,8-10.trinn,Litt eller svært fornøyd,SOES 0,"andel (prosent, standardisert)",.
Bamble,2019,jenter,8-10.trinn,Litt eller svært fornøyd,SOES 0,"andel (prosent, standardisert)",.
Bamble,2020,kjønn samlet,8-10.trinn,Litt eller svært fornøyd,SOES 0,"andel (prosent, standardisert)",.
Bamble,2020,gutter,8-10.trinn,Litt eller svært fornøyd,SOES 0,"andel (prosent, standardisert)",.
Bamble,2020,jenter,8-10.trinn,Litt eller svært fornøyd,SOES 0,"andel (prosent, standardisert)",.
Bamble,2021,kjønn samlet,8-10.trinn,Litt eller svært fornøyd,SOES 0,"andel (prosent, standardisert)",65.6213884686268
Bamble,2021,gutter,8-10.trinn,Litt eller svært fornøyd,SOES 0,"andel (prosent, standardisert)",69.4199307654052
Bamble,2021,jenter,8-10.trinn,Litt eller svært fornøyd,SOES 0,"andel (prosent, standardisert)",61.8425289084862
Bamble,2022,kjønn samlet,8-10.trinn,Litt eller svært fornøyd,SOES 0,"andel (prosent, standardisert)",.
Bamble,2022,gutter,8-10.trinn,Litt eller svært fornøyd,SOES 0,"andel (prosent, standardisert)",.
Bamble,2022,jenter,8-10.trinn,Litt eller svært fornøyd,SOES 0,"andel (prosent, standardisert)",.
Bamble,2023,kjønn samlet,8-10.trinn,Litt eller svært fornøyd,SOES 0,"andel (prosent, standardisert)",.
Bamble,2023,gutter,8-10.trinn,Litt eller svært fornøyd,SOES 0,"andel (prosent, standardisert)",.
Bamble,2023,jenter,8-10.trinn,Litt eller svært fornøyd,SOES 0,"andel (prosent, standardisert)",.
Bamble,2024,kjønn samlet,8-10.trinn,Litt eller svært fornøyd,SOES 0,"andel (prosent, standardisert)",63.5979289584888
Bamble,2024,gutter,8-10.trinn,Litt eller svært fornøyd,SOES 0,"andel (prosent, standardisert)",70.7089498753752
Bamble,2024,jenter,8-10.trinn,Litt eller svært fornøyd,SOES 0,"andel (prosent, standardisert)",56.803682363933
Kragerø,2012,kjønn samlet,8-10.trinn,Litt eller svært fornøyd,SOES 0,"andel (prosent, standardisert)",68.5353223587689
Kragerø,2012,gutter,8-10.trinn,Litt eller svært fornøyd,SOES 0,"andel (prosent, standardisert)",72.114432269617
Kragerø,2012,jenter,8-10.trinn,Litt eller svært fornøyd,SOES 0,"andel (prosent, standardisert)",65.0822943553403
Kragerø,2013,kjønn samlet,8-10.trinn,Litt eller svært fornøyd,SOES 0,"andel (prosent, standardisert)",.
Kragerø,2013,gutter,8-10.trinn,Litt eller svært fornøyd,SOES 0,"andel (prosent, standardisert)",.
Kragerø,2013,jenter,8-10.trinn,Litt eller svært fornøyd,SOES 0,"andel (prosent, standardisert)",.
Kragerø,2014,kjønn samlet,8-10.trinn,Litt eller svært fornøyd,SOES 0,"andel (prosent, standardisert)",.
Kragerø,2014,gutter,8-10.trinn,Litt eller svært fornøyd,SOES 0,"andel (prosent, standardisert)",.
Kragerø,2014,jenter,8-10.trinn,Litt eller svært fornøyd,SOES 0,"andel (prosent, standardisert)",.
Kragerø,2015,kjønn samlet,8-10.trinn,Litt eller svært fornøyd,SOES 0,"andel (prosent, standardisert)",72.2506126177492
Kragerø,2015,gutter,8-10.trinn,Litt eller svært fornøyd,SOES 0,"andel (prosent, standardisert)",79.8128485560789
Kragerø,2015,jenter,8-10.trinn,Litt eller svært fornøyd,SOES 0,"andel (prosent, standardisert)",64.8505098071738
Kragerø,2016,kjønn samlet,8-10.trinn,Litt eller svært fornøyd,SOES 0,"andel (prosent, standardisert)",.
Kragerø,2016,gutter,8-10.trinn,Litt eller svært fornøyd,SOES 0,"andel (prosent, standardisert)",.
Kragerø,2016,jenter,8-10.trinn,Litt eller svært fornøyd,SOES 0,"andel (prosent, standardisert)",.
Kragerø,2017,kjønn samlet,8-10.trinn,Litt eller svært fornøyd,SOES 0,"andel (prosent, standardisert)",.
Kragerø,2017,gutter,8-10.trinn,Litt eller svært fornøyd,SOES 0,"andel (prosent, standardisert)",.
Kragerø,2017,jenter,8-10.trinn,Litt eller svært fornøyd,SOES 0,"andel (prosent, standardisert)",.
Kragerø,2018,kjønn samlet,8-10.trinn,Litt eller svært fornøyd,SOES 0,"andel (prosent, standardisert)",70.0013139509259
Kragerø,2018,gutter,8-10.trinn,Litt eller svært fornøyd,SOES 0,"andel (prosent, standardisert)",76.4676960161871
Kragerø,2018,jenter,8-10.trinn,Litt eller svært fornøyd,SOES 0,"andel (prosent, standardisert)",63.6114174941488
Kragerø,2019,kjønn samlet,8-10.trinn,Litt eller svært fornøyd,SOES 0,"andel (prosent, standardisert)",.
Kragerø,2019,gutter,8-10.trinn,Litt eller svært fornøyd,SOES 0,"andel (prosent, standardisert)",.
Kragerø,2019,jenter,8-10.trinn,Litt eller svært fornøyd,SOES 0,"andel (prosent, standardisert)",.
Kragerø,2020,kjønn samlet,8-10.trinn,Litt eller svært fornøyd,SOES 0,"andel (prosent, standardisert)",.
Kragerø,2020,gutter,8-10.trinn,Litt eller svært fornøyd,SOES 0,"andel (prosent, standardisert)",.
Kragerø,2020,jenter,8-10.trinn,Litt eller svært fornøyd,SOES 0,"andel (prosent, standardisert)",.
Kragerø,2021,kjønn samlet,8-10.trinn,Litt eller svært fornøyd,SOES 0,"andel (prosent, standardisert)",74.6464783324048
Kragerø,2021,gutter,8-10.trinn,Litt eller svært fornøyd,SOES 0,"andel (prosent, standardisert)",80.3112563483402
Kragerø,2021,jenter,8-10.trinn,Litt eller svært fornøyd,SOES 0,"andel (prosent, standardisert)",69.6616519980442
Kragerø,2022,kjønn samlet,8-10.trinn,Litt eller svært fornøyd,SOES 0,"andel (prosent, standardisert)",.
Kragerø,2022,gutter,8-10.trinn,Litt eller svært fornøyd,SOES 0,"andel (prosent, standardisert)",.
Kragerø,2022,jenter,8-10.trinn,Litt eller svært fornøyd,SOES 0,"andel (prosent, standardisert)",.
Kragerø,2023,kjønn samlet,8-10.trinn,Litt eller svært fornøyd,SOES 0,"andel (prosent, standardisert)",.
Kragerø,2023,gutter,8-10.trinn,Litt eller svært fornøyd,SOES 0,"andel (prosent, standardisert)",.
Kragerø,2023,jenter,8-10.trinn,Litt eller svært fornøyd,SOES 0,"andel (prosent, standardisert)",.
Kragerø,2024,kjønn samlet,8-10.trinn,Litt eller svært fornøyd,SOES 0,"andel (prosent, standardisert)",63.4771144692433
Kragerø,2024,gutter,8-10.trinn,Litt eller svært fornøyd,SOES 0,"andel (prosent, standardisert)",75.0098062700716
Kragerø,2024,jenter,8-10.trinn,Litt eller svært fornøyd,SOES 0,"andel (prosent, standardisert)",52.1150808446745
Drangedal,2012,kjønn samlet,8-10.trinn,Litt eller svært fornøyd,SOES 0,"andel (prosent, standardisert)",.
Drangedal,2012,gutter,8-10.trinn,Litt eller svært fornøyd,SOES 0,"andel (prosent, standardisert)",.
Drangedal,2012,jenter,8-10.trinn,Litt eller svært fornøyd,SOES 0,"andel (prosent, standardisert)",.
Drangedal,2013,kjønn samlet,8-10.trinn,Litt eller svært fornøyd,SOES 0,"andel (prosent, standardisert)",.
Drangedal,2013,gutter,8-10.trinn,Litt eller svært fornøyd,SOES 0,"andel (prosent, standardisert)",.
Drangedal,2013,jenter,8-10.trinn,Litt eller svært fornøyd,SOES 0,"andel (prosent, standardisert)",.
Drangedal,2014,kjønn samlet,8-10.trinn,Litt eller svært fornøyd,SOES 0,"andel (prosent, standardisert)",.
Drangedal,2014,gutter,8-10.trinn,Litt eller svært fornøyd,SOES 0,"andel (prosent, standardisert)",.
Drangedal,2014,jenter,8-10.trinn,Litt eller svært fornøyd,SOES 0,"andel (prosent, standardisert)",.
Drangedal,2015,kjønn samlet,8-10.trinn,Litt eller svært fornøyd,SOES 0,"andel (prosent, standardisert)",71.0548697072545
Drangedal,2015,gutter,8-10.trinn,Litt eller svært fornøyd,SOES 0,"andel (prosent, standardisert)",76.9571465223686
Drangedal,2015,jenter,8-10.trinn,Litt eller svært fornøyd,SOES 0,"andel (prosent, standardisert)",65.3614472694783
Drangedal,2016,kjønn samlet,8-10.trinn,Litt eller svært fornøyd,SOES 0,"andel (prosent, standardisert)",.
Drangedal,2016,gutter,8-10.trinn,Litt eller svært fornøyd,SOES 0,"andel (prosent, standardisert)",.
Drangedal,2016,jenter,8-10.trinn,Litt eller svært fornøyd,SOES 0,"andel (prosent, standardisert)",.
Drangedal,2017,kjønn samlet,8-10.trinn,Litt eller svært fornøyd,SOES 0,"andel (prosent, standardisert)",.
Drangedal,2017,gutter,8-10.trinn,Litt eller svært fornøyd,SOES 0,"andel (prosent, standardisert)",.
Drangedal,2017,jenter,8-10.trinn,Litt eller svært fornøyd,SOES 0,"andel (prosent, standardisert)",.
Drangedal,2018,kjønn samlet,8-10.trinn,Litt eller svært fornøyd,SOES 0,"andel (prosent, standardisert)",65.3890346825955
Drangedal,2018,gutter,8-10.trinn,Litt eller svært fornøyd,SOES 0,"andel (prosent, standardisert)",64.5314274660724
Drangedal,2018,jenter,8-10.trinn,Litt eller svært fornøyd,SOES 0,"andel (prosent, standardisert)",66.0725358996195
Drangedal,2019,kjønn samlet,8-10.trinn,Litt eller svært fornøyd,SOES 0,"andel (prosent, standardisert)",.
Drangedal,2019,gutter,8-10.trinn,Litt eller svært fornøyd,SOES 0,"andel (prosent, standardisert)",.
Drangedal,2019,jenter,8-10.trinn,Litt eller svært fornøyd,SOES 0,"andel (prosent, standardisert)",.
Drangedal,2020,kjønn samlet,8-10.trinn,Litt eller svært fornøyd,SOES 0,"andel (prosent, standardisert)",.
Drangedal,2020,gutter,8-10.trinn,Litt eller svært fornøyd,SOES 0,"andel (prosent, standardisert)",.
Drangedal,2020,jenter,8-10.trinn,Litt eller svært fornøyd,SOES 0,"andel (prosent, standardisert)",.
Drangedal,2021,kjønn samlet,8-10.trinn,Litt eller svært fornøyd,SOES 0,"andel (prosent, standardisert)",74.5366907986916
Drangedal,2021,gutter,8-10.trinn,Litt eller svært fornøyd,SOES 0,"andel (prosent, standardisert)",81.7318275950807
Drangedal,2021,jenter,8-10.trinn,Litt eller svært fornøyd,SOES 0,"andel (prosent, standardisert)",67.8795062115689
Drangedal,2022,kjønn samlet,8-10.trinn,Litt eller svært fornøyd,SOES 0,"andel (prosent, standardisert)",.
Drangedal,2022,gutter,8-10.trinn,Litt eller svært fornøyd,SOES 0,"andel (prosent, standardisert)",.
Drangedal,2022,jenter,8-10.trinn,Litt eller svært fornøyd,SOES 0,"andel (prosent, standardisert)",.
Drangedal,2023,kjønn samlet,8-10.trinn,Litt eller svært fornøyd,SOES 0,"andel (prosent, standardisert)",.
Drangedal,2023,gutter,8-10.trinn,Litt eller svært fornøyd,SOES 0,"andel (prosent, standardisert)",.
Drangedal,2023,jenter,8-10.trinn,Litt eller svært fornøyd,SOES 0,"andel (prosent, standardisert)",.
Drangedal,2024,kjønn samlet,8-10.trinn,Litt eller svært fornøyd,SOES 0,"andel (prosent, standardisert)",72.252905579358
Drangedal,2024,gutter,8-10.trinn,Litt eller svært fornøyd,SOES 0,"andel (prosent, standardisert)",77.4125542615716
Drangedal,2024,jenter,8-10.trinn,Litt eller svært fornøyd,SOES 0,"andel (prosent, standardisert)",67.091350549585
Nome,2012,kjønn samlet,8-10.trinn,Litt eller svært fornøyd,SOES 0,"andel (prosent, standardisert)",.
Nome,2012,gutter,8-10.trinn,Litt eller svært fornøyd,SOES 0,"andel (prosent, standardisert)",.
Nome,2012,jenter,8-10.trinn,Litt eller svært fornøyd,SOES 0,"andel (prosent, standardisert)",.
Nome,2013,kjønn samlet,8-10.trinn,Litt eller svært fornøyd,SOES 0,"andel (prosent, standardisert)",70.2941525329651
Nome,2013,gutter,8-10.trinn,Litt eller svært fornøyd,SOES 0,"andel (prosent, standardisert)",74.9909684624351
Nome,2013,jenter,8-10.trinn,Litt eller svært fornøyd,SOES 0,"andel (prosent, standardisert)",65.7595530663908
Nome,2014,kjønn samlet,8-10.trinn,Litt eller svært fornøyd,SOES 0,"andel (prosent, standardisert)",.
Nome,2014,gutter,8-10.trinn,Litt eller svært fornøyd,SOES 0,"andel (prosent, standardisert)",.
Nome,2014,jenter,8-10.trinn,Litt eller svært fornøyd,SOES 0,"andel (prosent, standardisert)",.
Nome,2015,kjønn samlet,8-10.trinn,Litt eller svært fornøyd,SOES 0,"andel (prosent, standardisert)",70.7413572096969
Nome,2015,gutter,8-10.trinn,Litt eller svært fornøyd,SOES 0,"andel (prosent, standardisert)",71.3717427277772
Nome,2015,jenter,8-10.trinn,Litt eller svært fornøyd,SOES 0,"andel (prosent, standardisert)",69.9283671396808
Nome,2016,kjønn samlet,8-10.trinn,Litt eller svært fornøyd,SOES 0,"andel (prosent, standardisert)",.
Nome,2016,gutter,8-10.trinn,Litt eller svært fornøyd,SOES 0,"andel (prosent, standardisert)",.
Nome,2016,jenter,8-10.trinn,Litt eller svært fornøyd,SOES 0,"andel (prosent, standardisert)",.
Nome,2017,kjønn samlet,8-10.trinn,Litt eller svært fornøyd,SOES 0,"andel (prosent, standardisert)",.
Nome,2017,gutter,8-10.trinn,Litt eller svært fornøyd,SOES 0,"andel (prosent, standardisert)",.
Nome,2017,jenter,8-10.trinn,Litt eller svært fornøyd,SOES 0,"andel (prosent, standardisert)",.
Nome,2018,kjønn samlet,8-10.trinn,Litt eller svært fornøyd,SOES 0,"andel (prosent, standardisert)",68.0307310299553
Nome,2018,gutter,8-10.trinn,Litt eller svært fornøyd,SOES 0,"andel (prosent, standardisert)",79.2239545732134
Nome,2018,jenter,8-10.trinn,Litt eller svært fornøyd,SOES 0,"andel (prosent, standardisert)",57.517170783721
Nome,2019,kjønn samlet,8-10.trinn,Litt eller svært fornøyd,SOES 0,"andel (prosent, standardisert)",.
Nome,2019,gutter,8-10.trinn,Litt eller svært fornøyd,SOES 0,"andel (prosent, standardisert)",.
Nome,2019,jenter,8-10.trinn,Litt eller svært fornøyd,SOES 0,"andel (prosent, standardisert)",.
Nome,2020,kjønn samlet,8-10.trinn,Litt eller svært fornøyd,SOES 0,"andel (prosent, standardisert)",.
Nome,2020,gutter,8-10.trinn,Litt eller svært fornøyd,SOES 0,"andel (prosent, standardisert)",.
Nome,2020,jenter,8-10.trinn,Litt eller svært fornøyd,SOES 0,"andel (prosent, standardisert)",.
Nome,2021,kjønn samlet,8-10.trinn,Litt eller svært fornøyd,SOES 0,"andel (prosent, standardisert)",64.6251737791915
Nome,2021,gutter,8-10.trinn,Litt eller svært fornøyd,SOES 0,"andel (prosent, standardisert)",76.507443206768
Nome,2021,jenter,8-10.trinn,Litt eller svært fornøyd,SOES 0,"andel (prosent, standardisert)",52.0811119628964
Nome,2022,kjønn samlet,8-10.trinn,Litt eller svært fornøyd,SOES 0,"andel (prosent, standardisert)",.
Nome,2022,gutter,8-10.trinn,Litt eller svært fornøyd,SOES 0,"andel (prosent, standardisert)",.
Nome,2022,jenter,8-10.trinn,Litt eller svært fornøyd,SOES 0,"andel (prosent, standardisert)",.
Nome,2023,kjønn samlet,8-10.trinn,Litt eller svært fornøyd,SOES 0,"andel (prosent, standardisert)",.
Nome,2023,gutter,8-10.trinn,Litt eller svært fornøyd,SOES 0,"andel (prosent, standardisert)",.
Nome,2023,jenter,8-10.trinn,Litt eller svært fornøyd,SOES 0,"andel (prosent, standardisert)",.
Nome,2024,kjønn samlet,8-10.trinn,Litt eller svært fornøyd,SOES 0,"andel (prosent, standardisert)",70.9590274440402
Nome,2024,gutter,8-10.trinn,Litt eller svært fornøyd,SOES 0,"andel (prosent, standardisert)",85.9905217624061
Nome,2024,jenter,8-10.trinn,Litt eller svært fornøyd,SOES 0,"andel (prosent, standardisert)",55.2564693101822
Midt-Telemark,2012,kjønn samlet,8-10.trinn,Litt eller svært fornøyd,SOES 0,"andel (prosent, standardisert)",.
Midt-Telemark,2012,gutter,8-10.trinn,Litt eller svært fornøyd,SOES 0,"andel (prosent, standardisert)",.
Midt-Telemark,2012,jenter,8-10.trinn,Litt eller svært fornøyd,SOES 0,"andel (prosent, standardisert)",.
Midt-Telemark,2013,kjønn samlet,8-10.trinn,Litt eller svært fornøyd,SOES 0,"andel (prosent, standardisert)",.
Midt-Telemark,2013,gutter,8-10.trinn,Litt eller svært fornøyd,SOES 0,"andel (prosent, standardisert)",.
Midt-Telemark,2013,jenter,8-10.trinn,Litt eller svært fornøyd,SOES 0,"andel (prosent, standardisert)",.
Midt-Telemark,2014,kjønn samlet,8-10.trinn,Litt eller svært fornøyd,SOES 0,"andel (prosent, standardisert)",.
Midt-Telemark,2014,gutter,8-10.trinn,Litt eller svært fornøyd,SOES 0,"andel (prosent, standardisert)",.
Midt-Telemark,2014,jenter,8-10.trinn,Litt eller svært fornøyd,SOES 0,"andel (prosent, standardisert)",.
Midt-Telemark,2015,kjønn samlet,8-10.trinn,Litt eller svært fornøyd,SOES 0,"andel (prosent, standardisert)",68.8771469148069
Midt-Telemark,2015,gutter,8-10.trinn,Litt eller svært fornøyd,SOES 0,"andel (prosent, standardisert)",72.2126739669061
Midt-Telemark,2015,jenter,8-10.trinn,Litt eller svært fornøyd,SOES 0,"andel (prosent, standardisert)",65.5172850922362
Midt-Telemark,2016,kjønn samlet,8-10.trinn,Litt eller svært fornøyd,SOES 0,"andel (prosent, standardisert)",.
Midt-Telemark,2016,gutter,8-10.trinn,Litt eller svært fornøyd,SOES 0,"andel (prosent, standardisert)",.
Midt-Telemark,2016,jenter,8-10.trinn,Litt eller svært fornøyd,SOES 0,"andel (prosent, standardisert)",.
Midt-Telemark,2017,kjønn samlet,8-10.trinn,Litt eller svært fornøyd,SOES 0,"andel (prosent, standardisert)",.
Midt-Telemark,2017,gutter,8-10.trinn,Litt eller svært fornøyd,SOES 0,"andel (prosent, standardisert)",.
Midt-Telemark,2017,jenter,8-10.trinn,Litt eller svært fornøyd,SOES 0,"andel (prosent, standardisert)",.
Midt-Telemark,2018,kjønn samlet,8-10.trinn,Litt eller svært fornøyd,SOES 0,"andel (prosent, standardisert)",68.8872275389231
Midt-Telemark,2018,gutter,8-10.trinn,Litt eller svært fornøyd,SOES 0,"andel (prosent, standardisert)",77.7507545151454
Midt-Telemark,2018,jenter,8-10.trinn,Litt eller svært fornøyd,SOES 0,"andel (prosent, standardisert)",60.057299454329
Midt-Telemark,2019,kjønn samlet,8-10.trinn,Litt eller svært fornøyd,SOES 0,"andel (prosent, standardisert)",.
Midt-Telemark,2019,gutter,8-10.trinn,Litt eller svært fornøyd,SOES 0,"andel (prosent, standardisert)",.
Midt-Telemark,2019,jenter,8-10.trinn,Litt eller svært fornøyd,SOES 0,"andel (prosent, standardisert)",.
Midt-Telemark,2020,kjønn samlet,8-10.trinn,Litt eller svært fornøyd,SOES 0,"andel (prosent, standardisert)",.
Midt-Telemark,2020,gutter,8-10.trinn,Litt eller svært fornøyd,SOES 0,"andel (prosent, standardisert)",.
Midt-Telemark,2020,jenter,8-10.trinn,Litt eller svært fornøyd,SOES 0,"andel (prosent, standardisert)",.
Midt-Telemark,2021,kjønn samlet,8-10.trinn,Litt eller svært fornøyd,SOES 0,"andel (prosent, standardisert)",63.3848480543443
Midt-Telemark,2021,gutter,8-10.trinn,Litt eller svært fornøyd,SOES 0,"andel (prosent, standardisert)",68.9988619866096
Midt-Telemark,2021,jenter,8-10.trinn,Litt eller svært fornøyd,SOES 0,"andel (prosent, standardisert)",57.9911645141207
Midt-Telemark,2022,kjønn samlet,8-10.trinn,Litt eller svært fornøyd,SOES 0,"andel (prosent, standardisert)",.
Midt-Telemark,2022,gutter,8-10.trinn,Litt eller svært fornøyd,SOES 0,"andel (prosent, standardisert)",.
Midt-Telemark,2022,jenter,8-10.trinn,Litt eller svært fornøyd,SOES 0,"andel (prosent, standardisert)",.
Midt-Telemark,2023,kjønn samlet,8-10.trinn,Litt eller svært fornøyd,SOES 0,"andel (prosent, standardisert)",.
Midt-Telemark,2023,gutter,8-10.trinn,Litt eller svært fornøyd,SOES 0,"andel (prosent, standardisert)",.
Midt-Telemark,2023,jenter,8-10.trinn,Litt eller svært fornøyd,SOES 0,"andel (prosent, standardisert)",.
Midt-Telemark,2024,kjønn samlet,8-10.trinn,Litt eller svært fornøyd,SOES 0,"andel (prosent, standardisert)",:
Midt-Telemark,2024,gutter,8-10.trinn,Litt eller svært fornøyd,SOES 0,"andel (prosent, standardisert)",:
Midt-Telemark,2024,jenter,8-10.trinn,Litt eller svært fornøyd,SOES 0,"andel (prosent, standardisert)",:
Seljord,2012,kjønn samlet,8-10.trinn,Litt eller svært fornøyd,SOES 0,"andel (prosent, standardisert)",.
Seljord,2012,gutter,8-10.trinn,Litt eller svært fornøyd,SOES 0,"andel (prosent, standardisert)",.
Seljord,2012,jenter,8-10.trinn,Litt eller svært fornøyd,SOES 0,"andel (prosent, standardisert)",.
Seljord,2013,kjønn samlet,8-10.trinn,Litt eller svært fornøyd,SOES 0,"andel (prosent, standardisert)",77.3383503990219
Seljord,2013,gutter,8-10.trinn,Litt eller svært fornøyd,SOES 0,"andel (prosent, standardisert)",80.9726131737146
Seljord,2013,jenter,8-10.trinn,Litt eller svært fornøyd,SOES 0,"andel (prosent, standardisert)",74.1454747011915
Seljord,2014,kjønn samlet,8-10.trinn,Litt eller svært fornøyd,SOES 0,"andel (prosent, standardisert)",.
Seljord,2014,gutter,8-10.trinn,Litt eller svært fornøyd,SOES 0,"andel (prosent, standardisert)",.
Seljord,2014,jenter,8-10.trinn,Litt eller svært fornøyd,SOES 0,"andel (prosent, standardisert)",.
Seljord,2015,kjønn samlet,8-10.trinn,Litt eller svært fornøyd,SOES 0,"andel (prosent, standardisert)",71.6888199351312
Seljord,2015,gutter,8-10.trinn,Litt eller svært fornøyd,SOES 0,"andel (prosent, standardisert)",74.7607836791356
Seljord,2015,jenter,8-10.trinn,Litt eller svært fornøyd,SOES 0,"andel (prosent, standardisert)",68.8970489892557
Seljord,2016,kjønn samlet,8-10.trinn,Litt eller svært fornøyd,SOES 0,"andel (prosent, standardisert)",.
Seljord,2016,gutter,8-10.trinn,Litt eller svært fornøyd,SOES 0,"andel (prosent, standardisert)",.
Seljord,2016,jenter,8-10.trinn,Litt eller svært fornøyd,SOES 0,"andel (prosent, standardisert)",.
Seljord,2017,kjønn samlet,8-10.trinn,Litt eller svært fornøyd,SOES 0,"andel (prosent, standardisert)",.
Seljord,2017,gutter,8-10.trinn,Litt eller svært fornøyd,SOES 0,"andel (prosent, standardisert)",.
Seljord,2017,jenter,8-10.trinn,Litt eller svært fornøyd,SOES 0,"andel (prosent, standardisert)",.
Seljord,2018,kjønn samlet,8-10.trinn,Litt eller svært fornøyd,SOES 0,"andel (prosent, standardisert)",67.0117401225776
Seljord,2018,gutter,8-10.trinn,Litt eller svært fornøyd,SOES 0,"andel (prosent, standardisert)",67.8458599578044
Seljord,2018,jenter,8-10.trinn,Litt eller svært fornøyd,SOES 0,"andel (prosent, standardisert)",66.9333908784551
Seljord,2019,kjønn samlet,8-10.trinn,Litt eller svært fornøyd,SOES 0,"andel (prosent, standardisert)",.
Seljord,2019,gutter,8-10.trinn,Litt eller svært fornøyd,SOES 0,"andel (prosent, standardisert)",.
Seljord,2019,jenter,8-10.trinn,Litt eller svært fornøyd,SOES 0,"andel (prosent, standardisert)",.
Seljord,2020,kjønn samlet,8-10.trinn,Litt eller svært fornøyd,SOES 0,"andel (prosent, standardisert)",.
Seljord,2020,gutter,8-10.trinn,Litt eller svært fornøyd,SOES 0,"andel (prosent, standardisert)",.
Seljord,2020,jenter,8-10.trinn,Litt eller svært fornøyd,SOES 0,"andel (prosent, standardisert)",.
Seljord,2021,kjønn samlet,8-10.trinn,Litt eller svært fornøyd,SOES 0,"andel (prosent, standardisert)",70.719148108418
Seljord,2021,gutter,8-10.trinn,Litt eller svært fornøyd,SOES 0,"andel (prosent, standardisert)",:
Seljord,2021,jenter,8-10.trinn,Litt eller svært fornøyd,SOES 0,"andel (prosent, standardisert)",:
Seljord,2022,kjønn samlet,8-10.trinn,Litt eller svært fornøyd,SOES 0,"andel (prosent, standardisert)",.
Seljord,2022,gutter,8-10.trinn,Litt eller svært fornøyd,SOES 0,"andel (prosent, standardisert)",.
Seljord,2022,jenter,8-10.trinn,Litt eller svært fornøyd,SOES 0,"andel (prosent, standardisert)",.
Seljord,2023,kjønn samlet,8-10.trinn,Litt eller svært fornøyd,SOES 0,"andel (prosent, standardisert)",.
Seljord,2023,gutter,8-10.trinn,Litt eller svært fornøyd,SOES 0,"andel (prosent, standardisert)",.
Seljord,2023,jenter,8-10.trinn,Litt eller svært fornøyd,SOES 0,"andel (prosent, standardisert)",.
Seljord,2024,kjønn samlet,8-10.trinn,Litt eller svært fornøyd,SOES 0,"andel (prosent, standardisert)",67.4389035156847
Seljord,2024,gutter,8-10.trinn,Litt eller svært fornøyd,SOES 0,"andel (prosent, standardisert)",78.5755998856727
Seljord,2024,jenter,8-10.trinn,Litt eller svært fornøyd,SOES 0,"andel (prosent, standardisert)",56.0573308568917
Hjartdal,2012,kjønn samlet,8-10.trinn,Litt eller svært fornøyd,SOES 0,"andel (prosent, standardisert)",.
Hjartdal,2012,gutter,8-10.trinn,Litt eller svært fornøyd,SOES 0,"andel (prosent, standardisert)",.
Hjartdal,2012,jenter,8-10.trinn,Litt eller svært fornøyd,SOES 0,"andel (prosent, standardisert)",.
Hjartdal,2013,kjønn samlet,8-10.trinn,Litt eller svært fornøyd,SOES 0,"andel (prosent, standardisert)",.
Hjartdal,2013,gutter,8-10.trinn,Litt eller svært fornøyd,SOES 0,"andel (prosent, standardisert)",.
Hjartdal,2013,jenter,8-10.trinn,Litt eller svært fornøyd,SOES 0,"andel (prosent, standardisert)",.
Hjartdal,2014,kjønn samlet,8-10.trinn,Litt eller svært fornøyd,SOES 0,"andel (prosent, standardisert)",.
Hjartdal,2014,gutter,8-10.trinn,Litt eller svært fornøyd,SOES 0,"andel (prosent, standardisert)",.
Hjartdal,2014,jenter,8-10.trinn,Litt eller svært fornøyd,SOES 0,"andel (prosent, standardisert)",.
Hjartdal,2015,kjønn samlet,8-10.trinn,Litt eller svært fornøyd,SOES 0,"andel (prosent, standardisert)",.
Hjartdal,2015,gutter,8-10.trinn,Litt eller svært fornøyd,SOES 0,"andel (prosent, standardisert)",.
Hjartdal,2015,jenter,8-10.trinn,Litt eller svært fornøyd,SOES 0,"andel (prosent, standardisert)",.
Hjartdal,2016,kjønn samlet,8-10.trinn,Litt eller svært fornøyd,SOES 0,"andel (prosent, standardisert)",.
Hjartdal,2016,gutter,8-10.trinn,Litt eller svært fornøyd,SOES 0,"andel (prosent, standardisert)",.
Hjartdal,2016,jenter,8-10.trinn,Litt eller svært fornøyd,SOES 0,"andel (prosent, standardisert)",.
Hjartdal,2017,kjønn samlet,8-10.trinn,Litt eller svært fornøyd,SOES 0,"andel (prosent, standardisert)",.
Hjartdal,2017,gutter,8-10.trinn,Litt eller svært fornøyd,SOES 0,"andel (prosent, standardisert)",.
Hjartdal,2017,jenter,8-10.trinn,Litt eller svært fornøyd,SOES 0,"andel (prosent, standardisert)",.
Hjartdal,2018,kjønn samlet,8-10.trinn,Litt eller svært fornøyd,SOES 0,"andel (prosent, standardisert)",60.4455050182102
Hjartdal,2018,gutter,8-10.trinn,Litt eller svært fornøyd,SOES 0,"andel (prosent, standardisert)",66.4690041620725
Hjartdal,2018,jenter,8-10.trinn,Litt eller svært fornøyd,SOES 0,"andel (prosent, standardisert)",54.5706491744481
Hjartdal,2019,kjønn samlet,8-10.trinn,Litt eller svært fornøyd,SOES 0,"andel (prosent, standardisert)",.
Hjartdal,2019,gutter,8-10.trinn,Litt eller svært fornøyd,SOES 0,"andel (prosent, standardisert)",.
Hjartdal,2019,jenter,8-10.trinn,Litt eller svært fornøyd,SOES 0,"andel (prosent, standardisert)",.
Hjartdal,2020,kjønn samlet,8-10.trinn,Litt eller svært fornøyd,SOES 0,"andel (prosent, standardisert)",.
Hjartdal,2020,gutter,8-10.trinn,Litt eller svært fornøyd,SOES 0,"andel (prosent, standardisert)",.
Hjartdal,2020,jenter,8-10.trinn,Litt eller svært fornøyd,SOES 0,"andel (prosent, standardisert)",.
Hjartdal,2021,kjønn samlet,8-10.trinn,Litt eller svært fornøyd,SOES 0,"andel (prosent, standardisert)",.
Hjartdal,2021,gutter,8-10.trinn,Litt eller svært fornøyd,SOES 0,"andel (prosent, standardisert)",.
Hjartdal,2021,jenter,8-10.trinn,Litt eller svært fornøyd,SOES 0,"andel (prosent, standardisert)",.
Hjartdal,2022,kjønn samlet,8-10.trinn,Litt eller svært fornøyd,SOES 0,"andel (prosent, standardisert)",.
Hjartdal,2022,gutter,8-10.trinn,Litt eller svært fornøyd,SOES 0,"andel (prosent, standardisert)",.
Hjartdal,2022,jenter,8-10.trinn,Litt eller svært fornøyd,SOES 0,"andel (prosent, standardisert)",.
Hjartdal,2023,kjønn samlet,8-10.trinn,Litt eller svært fornøyd,SOES 0,"andel (prosent, standardisert)",.
Hjartdal,2023,gutter,8-10.trinn,Litt eller svært fornøyd,SOES 0,"andel (prosent, standardisert)",.
Hjartdal,2023,jenter,8-10.trinn,Litt eller svært fornøyd,SOES 0,"andel (prosent, standardisert)",.
Hjartdal,2024,kjønn samlet,8-10.trinn,Litt eller svært fornøyd,SOES 0,"andel (prosent, standardisert)",.
Hjartdal,2024,gutter,8-10.trinn,Litt eller svært fornøyd,SOES 0,"andel (prosent, standardisert)",.
Hjartdal,2024,jenter,8-10.trinn,Litt eller svært fornøyd,SOES 0,"andel (prosent, standardisert)",.
Tinn,2012,kjønn samlet,8-10.trinn,Litt eller svært fornøyd,SOES 0,"andel (prosent, standardisert)",.
Tinn,2012,gutter,8-10.trinn,Litt eller svært fornøyd,SOES 0,"andel (prosent, standardisert)",.
Tinn,2012,jenter,8-10.trinn,Litt eller svært fornøyd,SOES 0,"andel (prosent, standardisert)",.
Tinn,2013,kjønn samlet,8-10.trinn,Litt eller svært fornøyd,SOES 0,"andel (prosent, standardisert)",.
Tinn,2013,gutter,8-10.trinn,Litt eller svært fornøyd,SOES 0,"andel (prosent, standardisert)",.
Tinn,2013,jenter,8-10.trinn,Litt eller svært fornøyd,SOES 0,"andel (prosent, standardisert)",.
Tinn,2014,kjønn samlet,8-10.trinn,Litt eller svært fornøyd,SOES 0,"andel (prosent, standardisert)",.
Tinn,2014,gutter,8-10.trinn,Litt eller svært fornøyd,SOES 0,"andel (prosent, standardisert)",.
Tinn,2014,jenter,8-10.trinn,Litt eller svært fornøyd,SOES 0,"andel (prosent, standardisert)",.
Tinn,2015,kjønn samlet,8-10.trinn,Litt eller svært fornøyd,SOES 0,"andel (prosent, standardisert)",68.3708351428992
Tinn,2015,gutter,8-10.trinn,Litt eller svært fornøyd,SOES 0,"andel (prosent, standardisert)",80.3900535961523
Tinn,2015,jenter,8-10.trinn,Litt eller svært fornøyd,SOES 0,"andel (prosent, standardisert)",57.6144723859642
Tinn,2016,kjønn samlet,8-10.trinn,Litt eller svært fornøyd,SOES 0,"andel (prosent, standardisert)",.
Tinn,2016,gutter,8-10.trinn,Litt eller svært fornøyd,SOES 0,"andel (prosent, standardisert)",.
Tinn,2016,jenter,8-10.trinn,Litt eller svært fornøyd,SOES 0,"andel (prosent, standardisert)",.
Tinn,2017,kjønn samlet,8-10.trinn,Litt eller svært fornøyd,SOES 0,"andel (prosent, standardisert)",.
Tinn,2017,gutter,8-10.trinn,Litt eller svært fornøyd,SOES 0,"andel (prosent, standardisert)",.
Tinn,2017,jenter,8-10.trinn,Litt eller svært fornøyd,SOES 0,"andel (prosent, standardisert)",.
Tinn,2018,kjønn samlet,8-10.trinn,Litt eller svært fornøyd,SOES 0,"andel (prosent, standardisert)",68.4398238365119
Tinn,2018,gutter,8-10.trinn,Litt eller svært fornøyd,SOES 0,"andel (prosent, standardisert)",78.3249131957366
Tinn,2018,jenter,8-10.trinn,Litt eller svært fornøyd,SOES 0,"andel (prosent, standardisert)",59.3188223774992
Tinn,2019,kjønn samlet,8-10.trinn,Litt eller svært fornøyd,SOES 0,"andel (prosent, standardisert)",.
Tinn,2019,gutter,8-10.trinn,Litt eller svært fornøyd,SOES 0,"andel (prosent, standardisert)",.
Tinn,2019,jenter,8-10.trinn,Litt eller svært fornøyd,SOES 0,"andel (prosent, standardisert)",.
Tinn,2020,kjønn samlet,8-10.trinn,Litt eller svært fornøyd,SOES 0,"andel (prosent, standardisert)",.
Tinn,2020,gutter,8-10.trinn,Litt eller svært fornøyd,SOES 0,"andel (prosent, standardisert)",.
Tinn,2020,jenter,8-10.trinn,Litt eller svært fornøyd,SOES 0,"andel (prosent, standardisert)",.
Tinn,2021,kjønn samlet,8-10.trinn,Litt eller svært fornøyd,SOES 0,"andel (prosent, standardisert)",65.3083628516059
Tinn,2021,gutter,8-10.trinn,Litt eller svært fornøyd,SOES 0,"andel (prosent, standardisert)",67.8253242137535
Tinn,2021,jenter,8-10.trinn,Litt eller svært fornøyd,SOES 0,"andel (prosent, standardisert)",62.3419047864997
Tinn,2022,kjønn samlet,8-10.trinn,Litt eller svært fornøyd,SOES 0,"andel (prosent, standardisert)",.
Tinn,2022,gutter,8-10.trinn,Litt eller svært fornøyd,SOES 0,"andel (prosent, standardisert)",.
Tinn,2022,jenter,8-10.trinn,Litt eller svært fornøyd,SOES 0,"andel (prosent, standardisert)",.
Tinn,2023,kjønn samlet,8-10.trinn,Litt eller svært fornøyd,SOES 0,"andel (prosent, standardisert)",.
Tinn,2023,gutter,8-10.trinn,Litt eller svært fornøyd,SOES 0,"andel (prosent, standardisert)",.
Tinn,2023,jenter,8-10.trinn,Litt eller svært fornøyd,SOES 0,"andel (prosent, standardisert)",.
Tinn,2024,kjønn samlet,8-10.trinn,Litt eller svært fornøyd,SOES 0,"andel (prosent, standardisert)",64.9123396430748
Tinn,2024,gutter,8-10.trinn,Litt eller svært fornøyd,SOES 0,"andel (prosent, standardisert)",69.2257634623569
Tinn,2024,jenter,8-10.trinn,Litt eller svært fornøyd,SOES 0,"andel (prosent, standardisert)",60.209325845496
Kviteseid,2012,kjønn samlet,8-10.trinn,Litt eller svært fornøyd,SOES 0,"andel (prosent, standardisert)",.
Kviteseid,2012,gutter,8-10.trinn,Litt eller svært fornøyd,SOES 0,"andel (prosent, standardisert)",.
Kviteseid,2012,jenter,8-10.trinn,Litt eller svært fornøyd,SOES 0,"andel (prosent, standardisert)",.
Kviteseid,2013,kjønn samlet,8-10.trinn,Litt eller svært fornøyd,SOES 0,"andel (prosent, standardisert)",.
Kviteseid,2013,gutter,8-10.trinn,Litt eller svært fornøyd,SOES 0,"andel (prosent, standardisert)",.
Kviteseid,2013,jenter,8-10.trinn,Litt eller svært fornøyd,SOES 0,"andel (prosent, standardisert)",.
Kviteseid,2014,kjønn samlet,8-10.trinn,Litt eller svært fornøyd,SOES 0,"andel (prosent, standardisert)",.
Kviteseid,2014,gutter,8-10.trinn,Litt eller svært fornøyd,SOES 0,"andel (prosent, standardisert)",.
Kviteseid,2014,jenter,8-10.trinn,Litt eller svært fornøyd,SOES 0,"andel (prosent, standardisert)",.
Kviteseid,2015,kjønn samlet,8-10.trinn,Litt eller svært fornøyd,SOES 0,"andel (prosent, standardisert)",70.7365157968683
Kviteseid,2015,gutter,8-10.trinn,Litt eller svært fornøyd,SOES 0,"andel (prosent, standardisert)",73.0955386972223
Kviteseid,2015,jenter,8-10.trinn,Litt eller svært fornøyd,SOES 0,"andel (prosent, standardisert)",67.9744595634994
Kviteseid,2016,kjønn samlet,8-10.trinn,Litt eller svært fornøyd,SOES 0,"andel (prosent, standardisert)",.
Kviteseid,2016,gutter,8-10.trinn,Litt eller svært fornøyd,SOES 0,"andel (prosent, standardisert)",.
Kviteseid,2016,jenter,8-10.trinn,Litt eller svært fornøyd,SOES 0,"andel (prosent, standardisert)",.
Kviteseid,2017,kjønn samlet,8-10.trinn,Litt eller svært fornøyd,SOES 0,"andel (prosent, standardisert)",.
Kviteseid,2017,gutter,8-10.trinn,Litt eller svært fornøyd,SOES 0,"andel (prosent, standardisert)",.
Kviteseid,2017,jenter,8-10.trinn,Litt eller svært fornøyd,SOES 0,"andel (prosent, standardisert)",.
Kviteseid,2018,kjønn samlet,8-10.trinn,Litt eller svært fornøyd,SOES 0,"andel (prosent, standardisert)",.
Kviteseid,2018,gutter,8-10.trinn,Litt eller svært fornøyd,SOES 0,"andel (prosent, standardisert)",.
Kviteseid,2018,jenter,8-10.trinn,Litt eller svært fornøyd,SOES 0,"andel (prosent, standardisert)",.
Kviteseid,2019,kjønn samlet,8-10.trinn,Litt eller svært fornøyd,SOES 0,"andel (prosent, standardisert)",.
Kviteseid,2019,gutter,8-10.trinn,Litt eller svært fornøyd,SOES 0,"andel (prosent, standardisert)",.
Kviteseid,2019,jenter,8-10.trinn,Litt eller svært fornøyd,SOES 0,"andel (prosent, standardisert)",.
Kviteseid,2020,kjønn samlet,8-10.trinn,Litt eller svært fornøyd,SOES 0,"andel (prosent, standardisert)",.
Kviteseid,2020,gutter,8-10.trinn,Litt eller svært fornøyd,SOES 0,"andel (prosent, standardisert)",.
Kviteseid,2020,jenter,8-10.trinn,Litt eller svært fornøyd,SOES 0,"andel (prosent, standardisert)",.
Kviteseid,2021,kjønn samlet,8-10.trinn,Litt eller svært fornøyd,SOES 0,"andel (prosent, standardisert)",.
Kviteseid,2021,gutter,8-10.trinn,Litt eller svært fornøyd,SOES 0,"andel (prosent, standardisert)",.
Kviteseid,2021,jenter,8-10.trinn,Litt eller svært fornøyd,SOES 0,"andel (prosent, standardisert)",.
Kviteseid,2022,kjønn samlet,8-10.trinn,Litt eller svært fornøyd,SOES 0,"andel (prosent, standardisert)",.
Kviteseid,2022,gutter,8-10.trinn,Litt eller svært fornøyd,SOES 0,"andel (prosent, standardisert)",.
Kviteseid,2022,jenter,8-10.trinn,Litt eller svært fornøyd,SOES 0,"andel (prosent, standardisert)",.
Kviteseid,2023,kjønn samlet,8-10.trinn,Litt eller svært fornøyd,SOES 0,"andel (prosent, standardisert)",.
Kviteseid,2023,gutter,8-10.trinn,Litt eller svært fornøyd,SOES 0,"andel (prosent, standardisert)",.
Kviteseid,2023,jenter,8-10.trinn,Litt eller svært fornøyd,SOES 0,"andel (prosent, standardisert)",.
Kviteseid,2024,kjønn samlet,8-10.trinn,Litt eller svært fornøyd,SOES 0,"andel (prosent, standardisert)",.
Kviteseid,2024,gutter,8-10.trinn,Litt eller svært fornøyd,SOES 0,"andel (prosent, standardisert)",.
Kviteseid,2024,jenter,8-10.trinn,Litt eller svært fornøyd,SOES 0,"andel (prosent, standardisert)",.
Nissedal,2012,kjønn samlet,8-10.trinn,Litt eller svært fornøyd,SOES 0,"andel (prosent, standardisert)",.
Nissedal,2012,gutter,8-10.trinn,Litt eller svært fornøyd,SOES 0,"andel (prosent, standardisert)",.
Nissedal,2012,jenter,8-10.trinn,Litt eller svært fornøyd,SOES 0,"andel (prosent, standardisert)",.
Nissedal,2013,kjønn samlet,8-10.trinn,Litt eller svært fornøyd,SOES 0,"andel (prosent, standardisert)",.
Nissedal,2013,gutter,8-10.trinn,Litt eller svært fornøyd,SOES 0,"andel (prosent, standardisert)",.
Nissedal,2013,jenter,8-10.trinn,Litt eller svært fornøyd,SOES 0,"andel (prosent, standardisert)",.
Nissedal,2014,kjønn samlet,8-10.trinn,Litt eller svært fornøyd,SOES 0,"andel (prosent, standardisert)",.
Nissedal,2014,gutter,8-10.trinn,Litt eller svært fornøyd,SOES 0,"andel (prosent, standardisert)",.
Nissedal,2014,jenter,8-10.trinn,Litt eller svært fornøyd,SOES 0,"andel (prosent, standardisert)",.
Nissedal,2015,kjønn samlet,8-10.trinn,Litt eller svært fornøyd,SOES 0,"andel (prosent, standardisert)",.
Nissedal,2015,gutter,8-10.trinn,Litt eller svært fornøyd,SOES 0,"andel (prosent, standardisert)",.
Nissedal,2015,jenter,8-10.trinn,Litt eller svært fornøyd,SOES 0,"andel (prosent, standardisert)",.
Nissedal,2016,kjønn samlet,8-10.trinn,Litt eller svært fornøyd,SOES 0,"andel (prosent, standardisert)",.
Nissedal,2016,gutter,8-10.trinn,Litt eller svært fornøyd,SOES 0,"andel (prosent, standardisert)",.
Nissedal,2016,jenter,8-10.trinn,Litt eller svært fornøyd,SOES 0,"andel (prosent, standardisert)",.
Nissedal,2017,kjønn samlet,8-10.trinn,Litt eller svært fornøyd,SOES 0,"andel (prosent, standardisert)",.
Nissedal,2017,gutter,8-10.trinn,Litt eller svært fornøyd,SOES 0,"andel (prosent, standardisert)",.
Nissedal,2017,jenter,8-10.trinn,Litt eller svært fornøyd,SOES 0,"andel (prosent, standardisert)",.
Nissedal,2018,kjønn samlet,8-10.trinn,Litt eller svært fornøyd,SOES 0,"andel (prosent, standardisert)",.
Nissedal,2018,gutter,8-10.trinn,Litt eller svært fornøyd,SOES 0,"andel (prosent, standardisert)",.
Nissedal,2018,jenter,8-10.trinn,Litt eller svært fornøyd,SOES 0,"andel (prosent, standardisert)",.
Nissedal,2019,kjønn samlet,8-10.trinn,Litt eller svært fornøyd,SOES 0,"andel (prosent, standardisert)",.
Nissedal,2019,gutter,8-10.trinn,Litt eller svært fornøyd,SOES 0,"andel (prosent, standardisert)",.
Nissedal,2019,jenter,8-10.trinn,Litt eller svært fornøyd,SOES 0,"andel (prosent, standardisert)",.
Nissedal,2020,kjønn samlet,8-10.trinn,Litt eller svært fornøyd,SOES 0,"andel (prosent, standardisert)",.
Nissedal,2020,gutter,8-10.trinn,Litt eller svært fornøyd,SOES 0,"andel (prosent, standardisert)",.
Nissedal,2020,jenter,8-10.trinn,Litt eller svært fornøyd,SOES 0,"andel (prosent, standardisert)",.
Nissedal,2021,kjønn samlet,8-10.trinn,Litt eller svært fornøyd,SOES 0,"andel (prosent, standardisert)",.
Nissedal,2021,gutter,8-10.trinn,Litt eller svært fornøyd,SOES 0,"andel (prosent, standardisert)",.
Nissedal,2021,jenter,8-10.trinn,Litt eller svært fornøyd,SOES 0,"andel (prosent, standardisert)",.
Nissedal,2022,kjønn samlet,8-10.trinn,Litt eller svært fornøyd,SOES 0,"andel (prosent, standardisert)",.
Nissedal,2022,gutter,8-10.trinn,Litt eller svært fornøyd,SOES 0,"andel (prosent, standardisert)",.
Nissedal,2022,jenter,8-10.trinn,Litt eller svært fornøyd,SOES 0,"andel (prosent, standardisert)",.
Nissedal,2023,kjønn samlet,8-10.trinn,Litt eller svært fornøyd,SOES 0,"andel (prosent, standardisert)",.
Nissedal,2023,gutter,8-10.trinn,Litt eller svært fornøyd,SOES 0,"andel (prosent, standardisert)",.
Nissedal,2023,jenter,8-10.trinn,Litt eller svært fornøyd,SOES 0,"andel (prosent, standardisert)",.
Nissedal,2024,kjønn samlet,8-10.trinn,Litt eller svært fornøyd,SOES 0,"andel (prosent, standardisert)",.
Nissedal,2024,gutter,8-10.trinn,Litt eller svært fornøyd,SOES 0,"andel (prosent, standardisert)",.
Nissedal,2024,jenter,8-10.trinn,Litt eller svært fornøyd,SOES 0,"andel (prosent, standardisert)",.
Fyresdal,2012,kjønn samlet,8-10.trinn,Litt eller svært fornøyd,SOES 0,"andel (prosent, standardisert)",.
Fyresdal,2012,gutter,8-10.trinn,Litt eller svært fornøyd,SOES 0,"andel (prosent, standardisert)",.
Fyresdal,2012,jenter,8-10.trinn,Litt eller svært fornøyd,SOES 0,"andel (prosent, standardisert)",.
Fyresdal,2013,kjønn samlet,8-10.trinn,Litt eller svært fornøyd,SOES 0,"andel (prosent, standardisert)",.
Fyresdal,2013,gutter,8-10.trinn,Litt eller svært fornøyd,SOES 0,"andel (prosent, standardisert)",.
Fyresdal,2013,jenter,8-10.trinn,Litt eller svært fornøyd,SOES 0,"andel (prosent, standardisert)",.
Fyresdal,2014,kjønn samlet,8-10.trinn,Litt eller svært fornøyd,SOES 0,"andel (prosent, standardisert)",.
Fyresdal,2014,gutter,8-10.trinn,Litt eller svært fornøyd,SOES 0,"andel (prosent, standardisert)",.
Fyresdal,2014,jenter,8-10.trinn,Litt eller svært fornøyd,SOES 0,"andel (prosent, standardisert)",.
Fyresdal,2015,kjønn samlet,8-10.trinn,Litt eller svært fornøyd,SOES 0,"andel (prosent, standardisert)",.
Fyresdal,2015,gutter,8-10.trinn,Litt eller svært fornøyd,SOES 0,"andel (prosent, standardisert)",.
Fyresdal,2015,jenter,8-10.trinn,Litt eller svært fornøyd,SOES 0,"andel (prosent, standardisert)",.
Fyresdal,2016,kjønn samlet,8-10.trinn,Litt eller svært fornøyd,SOES 0,"andel (prosent, standardisert)",.
Fyresdal,2016,gutter,8-10.trinn,Litt eller svært fornøyd,SOES 0,"andel (prosent, standardisert)",.
Fyresdal,2016,jenter,8-10.trinn,Litt eller svært fornøyd,SOES 0,"andel (prosent, standardisert)",.
Fyresdal,2017,kjønn samlet,8-10.trinn,Litt eller svært fornøyd,SOES 0,"andel (prosent, standardisert)",.
Fyresdal,2017,gutter,8-10.trinn,Litt eller svært fornøyd,SOES 0,"andel (prosent, standardisert)",.
Fyresdal,2017,jenter,8-10.trinn,Litt eller svært fornøyd,SOES 0,"andel (prosent, standardisert)",.
Fyresdal,2018,kjønn samlet,8-10.trinn,Litt eller svært fornøyd,SOES 0,"andel (prosent, standardisert)",.
Fyresdal,2018,gutter,8-10.trinn,Litt eller svært fornøyd,SOES 0,"andel (prosent, standardisert)",.
Fyresdal,2018,jenter,8-10.trinn,Litt eller svært fornøyd,SOES 0,"andel (prosent, standardisert)",.
Fyresdal,2019,kjønn samlet,8-10.trinn,Litt eller svært fornøyd,SOES 0,"andel (prosent, standardisert)",.
Fyresdal,2019,gutter,8-10.trinn,Litt eller svært fornøyd,SOES 0,"andel (prosent, standardisert)",.
Fyresdal,2019,jenter,8-10.trinn,Litt eller svært fornøyd,SOES 0,"andel (prosent, standardisert)",.
Fyresdal,2020,kjønn samlet,8-10.trinn,Litt eller svært fornøyd,SOES 0,"andel (prosent, standardisert)",.
Fyresdal,2020,gutter,8-10.trinn,Litt eller svært fornøyd,SOES 0,"andel (prosent, standardisert)",.
Fyresdal,2020,jenter,8-10.trinn,Litt eller svært fornøyd,SOES 0,"andel (prosent, standardisert)",.
Fyresdal,2021,kjønn samlet,8-10.trinn,Litt eller svært fornøyd,SOES 0,"andel (prosent, standardisert)",.
Fyresdal,2021,gutter,8-10.trinn,Litt eller svært fornøyd,SOES 0,"andel (prosent, standardisert)",.
Fyresdal,2021,jenter,8-10.trinn,Litt eller svært fornøyd,SOES 0,"andel (prosent, standardisert)",.
Fyresdal,2022,kjønn samlet,8-10.trinn,Litt eller svært fornøyd,SOES 0,"andel (prosent, standardisert)",.
Fyresdal,2022,gutter,8-10.trinn,Litt eller svært fornøyd,SOES 0,"andel (prosent, standardisert)",.
Fyresdal,2022,jenter,8-10.trinn,Litt eller svært fornøyd,SOES 0,"andel (prosent, standardisert)",.
Fyresdal,2023,kjønn samlet,8-10.trinn,Litt eller svært fornøyd,SOES 0,"andel (prosent, standardisert)",.
Fyresdal,2023,gutter,8-10.trinn,Litt eller svært fornøyd,SOES 0,"andel (prosent, standardisert)",.
Fyresdal,2023,jenter,8-10.trinn,Litt eller svært fornøyd,SOES 0,"andel (prosent, standardisert)",.
Fyresdal,2024,kjønn samlet,8-10.trinn,Litt eller svært fornøyd,SOES 0,"andel (prosent, standardisert)",.
Fyresdal,2024,gutter,8-10.trinn,Litt eller svært fornøyd,SOES 0,"andel (prosent, standardisert)",.
Fyresdal,2024,jenter,8-10.trinn,Litt eller svært fornøyd,SOES 0,"andel (prosent, standardisert)",.
Tokke,2012,kjønn samlet,8-10.trinn,Litt eller svært fornøyd,SOES 0,"andel (prosent, standardisert)",.
Tokke,2012,gutter,8-10.trinn,Litt eller svært fornøyd,SOES 0,"andel (prosent, standardisert)",.
Tokke,2012,jenter,8-10.trinn,Litt eller svært fornøyd,SOES 0,"andel (prosent, standardisert)",.
Tokke,2013,kjønn samlet,8-10.trinn,Litt eller svært fornøyd,SOES 0,"andel (prosent, standardisert)",.
Tokke,2013,gutter,8-10.trinn,Litt eller svært fornøyd,SOES 0,"andel (prosent, standardisert)",.
Tokke,2013,jenter,8-10.trinn,Litt eller svært fornøyd,SOES 0,"andel (prosent, standardisert)",.
Tokke,2014,kjønn samlet,8-10.trinn,Litt eller svært fornøyd,SOES 0,"andel (prosent, standardisert)",.
Tokke,2014,gutter,8-10.trinn,Litt eller svært fornøyd,SOES 0,"andel (prosent, standardisert)",.
Tokke,2014,jenter,8-10.trinn,Litt eller svært fornøyd,SOES 0,"andel (prosent, standardisert)",.
Tokke,2015,kjønn samlet,8-10.trinn,Litt eller svært fornøyd,SOES 0,"andel (prosent, standardisert)",71.3282820326546
Tokke,2015,gutter,8-10.trinn,Litt eller svært fornøyd,SOES 0,"andel (prosent, standardisert)",85.341532738571
Tokke,2015,jenter,8-10.trinn,Litt eller svært fornøyd,SOES 0,"andel (prosent, standardisert)",59.0069400600887
Tokke,2016,kjønn samlet,8-10.trinn,Litt eller svært fornøyd,SOES 0,"andel (prosent, standardisert)",.
Tokke,2016,gutter,8-10.trinn,Litt eller svært fornøyd,SOES 0,"andel (prosent, standardisert)",.
Tokke,2016,jenter,8-10.trinn,Litt eller svært fornøyd,SOES 0,"andel (prosent, standardisert)",.
Tokke,2017,kjønn samlet,8-10.trinn,Litt eller svært fornøyd,SOES 0,"andel (prosent, standardisert)",.
Tokke,2017,gutter,8-10.trinn,Litt eller svært fornøyd,SOES 0,"andel (prosent, standardisert)",.
Tokke,2017,jenter,8-10.trinn,Litt eller svært fornøyd,SOES 0,"andel (prosent, standardisert)",.
Tokke,2018,kjønn samlet,8-10.trinn,Litt eller svært fornøyd,SOES 0,"andel (prosent, standardisert)",.
Tokke,2018,gutter,8-10.trinn,Litt eller svært fornøyd,SOES 0,"andel (prosent, standardisert)",.
Tokke,2018,jenter,8-10.trinn,Litt eller svært fornøyd,SOES 0,"andel (prosent, standardisert)",.
Tokke,2019,kjønn samlet,8-10.trinn,Litt eller svært fornøyd,SOES 0,"andel (prosent, standardisert)",.
Tokke,2019,gutter,8-10.trinn,Litt eller svært fornøyd,SOES 0,"andel (prosent, standardisert)",.
Tokke,2019,jenter,8-10.trinn,Litt eller svært fornøyd,SOES 0,"andel (prosent, standardisert)",.
Tokke,2020,kjønn samlet,8-10.trinn,Litt eller svært fornøyd,SOES 0,"andel (prosent, standardisert)",.
Tokke,2020,gutter,8-10.trinn,Litt eller svært fornøyd,SOES 0,"andel (prosent, standardisert)",.
Tokke,2020,jenter,8-10.trinn,Litt eller svært fornøyd,SOES 0,"andel (prosent, standardisert)",.
Tokke,2021,kjønn samlet,8-10.trinn,Litt eller svært fornøyd,SOES 0,"andel (prosent, standardisert)",.
Tokke,2021,gutter,8-10.trinn,Litt eller svært fornøyd,SOES 0,"andel (prosent, standardisert)",.
Tokke,2021,jenter,8-10.trinn,Litt eller svært fornøyd,SOES 0,"andel (prosent, standardisert)",.
Tokke,2022,kjønn samlet,8-10.trinn,Litt eller svært fornøyd,SOES 0,"andel (prosent, standardisert)",.
Tokke,2022,gutter,8-10.trinn,Litt eller svært fornøyd,SOES 0,"andel (prosent, standardisert)",.
Tokke,2022,jenter,8-10.trinn,Litt eller svært fornøyd,SOES 0,"andel (prosent, standardisert)",.
Tokke,2023,kjønn samlet,8-10.trinn,Litt eller svært fornøyd,SOES 0,"andel (prosent, standardisert)",.
Tokke,2023,gutter,8-10.trinn,Litt eller svært fornøyd,SOES 0,"andel (prosent, standardisert)",.
Tokke,2023,jenter,8-10.trinn,Litt eller svært fornøyd,SOES 0,"andel (prosent, standardisert)",.
Tokke,2024,kjønn samlet,8-10.trinn,Litt eller svært fornøyd,SOES 0,"andel (prosent, standardisert)",72.6094739036058
Tokke,2024,gutter,8-10.trinn,Litt eller svært fornøyd,SOES 0,"andel (prosent, standardisert)",67.7403300459208
Tokke,2024,jenter,8-10.trinn,Litt eller svært fornøyd,SOES 0,"andel (prosent, standardisert)",77.6978112547269
Vinje,2012,kjønn samlet,8-10.trinn,Litt eller svært fornøyd,SOES 0,"andel (prosent, standardisert)",.
Vinje,2012,gutter,8-10.trinn,Litt eller svært fornøyd,SOES 0,"andel (prosent, standardisert)",.
Vinje,2012,jenter,8-10.trinn,Litt eller svært fornøyd,SOES 0,"andel (prosent, standardisert)",.
Vinje,2013,kjønn samlet,8-10.trinn,Litt eller svært fornøyd,SOES 0,"andel (prosent, standardisert)",.
Vinje,2013,gutter,8-10.trinn,Litt eller svært fornøyd,SOES 0,"andel (prosent, standardisert)",.
Vinje,2013,jenter,8-10.trinn,Litt eller svært fornøyd,SOES 0,"andel (prosent, standardisert)",.
Vinje,2014,kjønn samlet,8-10.trinn,Litt eller svært fornøyd,SOES 0,"andel (prosent, standardisert)",.
Vinje,2014,gutter,8-10.trinn,Litt eller svært fornøyd,SOES 0,"andel (prosent, standardisert)",.
Vinje,2014,jenter,8-10.trinn,Litt eller svært fornøyd,SOES 0,"andel (prosent, standardisert)",.
Vinje,2015,kjønn samlet,8-10.trinn,Litt eller svært fornøyd,SOES 0,"andel (prosent, standardisert)",78.6947359118998
Vinje,2015,gutter,8-10.trinn,Litt eller svært fornøyd,SOES 0,"andel (prosent, standardisert)",83.9663039858036
Vinje,2015,jenter,8-10.trinn,Litt eller svært fornøyd,SOES 0,"andel (prosent, standardisert)",73.6209493209857
Vinje,2016,kjønn samlet,8-10.trinn,Litt eller svært fornøyd,SOES 0,"andel (prosent, standardisert)",.
Vinje,2016,gutter,8-10.trinn,Litt eller svært fornøyd,SOES 0,"andel (prosent, standardisert)",.
Vinje,2016,jenter,8-10.trinn,Litt eller svært fornøyd,SOES 0,"andel (prosent, standardisert)",.
Vinje,2017,kjønn samlet,8-10.trinn,Litt eller svært fornøyd,SOES 0,"andel (prosent, standardisert)",.
Vinje,2017,gutter,8-10.trinn,Litt eller svært fornøyd,SOES 0,"andel (prosent, standardisert)",.
Vinje,2017,jenter,8-10.trinn,Litt eller svært fornøyd,SOES 0,"andel (prosent, standardisert)",.
Vinje,2018,kjønn samlet,8-10.trinn,Litt eller svært fornøyd,SOES 0,"andel (prosent, standardisert)",67.1556926935745
Vinje,2018,gutter,8-10.trinn,Litt eller svært fornøyd,SOES 0,"andel (prosent, standardisert)",79.5382855054383
Vinje,2018,jenter,8-10.trinn,Litt eller svært fornøyd,SOES 0,"andel (prosent, standardisert)",53.8660973146181
Vinje,2019,kjønn samlet,8-10.trinn,Litt eller svært fornøyd,SOES 0,"andel (prosent, standardisert)",.
Vinje,2019,gutter,8-10.trinn,Litt eller svært fornøyd,SOES 0,"andel (prosent, standardisert)",.
Vinje,2019,jenter,8-10.trinn,Litt eller svært fornøyd,SOES 0,"andel (prosent, standardisert)",.
Vinje,2020,kjønn samlet,8-10.trinn,Litt eller svært fornøyd,SOES 0,"andel (prosent, standardisert)",.
Vinje,2020,gutter,8-10.trinn,Litt eller svært fornøyd,SOES 0,"andel (prosent, standardisert)",.
Vinje,2020,jenter,8-10.trinn,Litt eller svært fornøyd,SOES 0,"andel (prosent, standardisert)",.
Vinje,2021,kjønn samlet,8-10.trinn,Litt eller svært fornøyd,SOES 0,"andel (prosent, standardisert)",70.6580607014022
Vinje,2021,gutter,8-10.trinn,Litt eller svært fornøyd,SOES 0,"andel (prosent, standardisert)",67.3904251940219
Vinje,2021,jenter,8-10.trinn,Litt eller svært fornøyd,SOES 0,"andel (prosent, standardisert)",74.2678853813365
Vinje,2022,kjønn samlet,8-10.trinn,Litt eller svært fornøyd,SOES 0,"andel (prosent, standardisert)",.
Vinje,2022,gutter,8-10.trinn,Litt eller svært fornøyd,SOES 0,"andel (prosent, standardisert)",.
Vinje,2022,jenter,8-10.trinn,Litt eller svært fornøyd,SOES 0,"andel (prosent, standardisert)",.
Vinje,2023,kjønn samlet,8-10.trinn,Litt eller svært fornøyd,SOES 0,"andel (prosent, standardisert)",.
Vinje,2023,gutter,8-10.trinn,Litt eller svært fornøyd,SOES 0,"andel (prosent, standardisert)",.
Vinje,2023,jenter,8-10.trinn,Litt eller svært fornøyd,SOES 0,"andel (prosent, standardisert)",.
Vinje,2024,kjønn samlet,8-10.trinn,Litt eller svært fornøyd,SOES 0,"andel (prosent, standardisert)",73.534895418453
Vinje,2024,gutter,8-10.trinn,Litt eller svært fornøyd,SOES 0,"andel (prosent, standardisert)",79.7415046522315
Vinje,2024,jenter,8-10.trinn,Litt eller svært fornøyd,SOES 0,"andel (prosent, standardisert)",67.348538691837
