Organisasjonsnummer,Navn,Nivå enhetsregisteret,Antall ansatte Enhetsreg,firfirmaid,Bedriftsstatus,Organisasjonsform,firorgnrknytning,konsernopporgnr,Navn på overliggende enhet,Orgnr til toppenhet,Bedriftsnavn,Fylkesnavn,fylkesnavn,kommune_id,Kommunenummer,kommunenavn,Kommunenavn,Intervallkode antall ansatte,Omsetning i hele tusen,Driftsresultat i hele tusen,Dato for etablering,Sektorkode fra SSB,Privat eller offentlig,NACE-kategori (Første siffer),Nacetittel1,Bransjegruppe 1,NACE-kategori (To første siffer),NACE-kategori (Tre første siffer),NACE-kategori (Fire første siffer),NACE-kode (numerisk),Y (UTM33),X (UTM33),load_date,Lon,Lat,Kode,Org. nr._str,Employees,In Combined Clean
988996564,Bilfinger Norway AS,1,1241.0,13664085.0,1.0,Aksjeselskap,,932066351.0,Bilfinger Isp Offshore Norway AS,932066351.0,Bilfinger Norway AS,Telemark,Telemark,4001.0,4001.0,Porsgrunn,PORSGRUNN,1000 eller mer,2258786.0,132766.0,2005-11-28,Private aksjeselskaper mv.,Privat sektor,3.0,Reparasjon og vedlikehold av maskiner,Industri,33.0,33.1,33.12,33.12,6565951.210000001,192711.59999999963,2025-12-05 03:21:50,"9,628776075916596","59,121448228088056",33120.0,988996564,1241.0,True
980518647,Eramet Norway AS,1,667.0,13159367.0,1.0,Aksjeselskap,,,,,Eramet Norway AS,Telemark,Telemark,4001.0,4001.0,Porsgrunn,PORSGRUNN,500-749,7373145.0,368676.0,1999-02-05,Private aksjeselskaper mv.,Privat sektor,2.0,"Produksjon av jern og stål, samt ferrolegeringer",Industri,24.0,24.1,24.1,24.1,6566613.67,192481.25,2025-12-05 03:21:50,"9,623839662904862","59,1272049962971",24100.0,980518647,667.0,True
974241730,Nav Vestfold og Telemark,1,649.0,13463359.0,1.0,Organisasjonsledd,991012133.0,,,,NAV Vestfold og Telemark,Telemark,Telemark,4003.0,4003.0,Skien,SKIEN,500-749,0.0,0.0,1995-03-12,Stats- og trygdeforvaltningen,Privat sektor,8.0,Administrasjon av trygdeordninger underlagt offentlig forvaltning,"Offentlig administrasjon og forsvar, og trygdeordninger underlagt offentlig forvaltning",84.0,84.3,84.3,84.3,6575874.43,192346.3799999999,2025-12-05 03:21:50,"9,608440367355648","59,20990578202982",84300.0,974241730,649.0,True
979422679,Lede AS,1,429.0,13131154.0,1.0,Aksjeselskap,,980495302.0,Skagerak Energi AS,980495302.0,Lede AS,Telemark,Telemark,4001.0,4001.0,Porsgrunn,PORSGRUNN,400-499,2150910.0,447768.0,1997-11-21,Statlig eide aksjeselskaper mv.,Privat sektor,3.0,Distribusjon av elektrisitet,"Forsyning av elektrisitet, gass, damp og kjøleluft",35.0,35.1,35.14,35.14,6568155.57,194509.34999999963,2025-12-05 03:21:50,"9,656963621261406","59,14245170059225",35140.0,979422679,429.0,True
983594506,Stena recycling AS,1,346.0,13271758.0,1.0,Aksjeselskap,,,,,Stena Recycling AS,Telemark,Telemark,4001.0,4001.0,Porsgrunn,PORSGRUNN,300-399,2278751.0,85183.0,2001-06-20,Private aksjeselskaper mv.,Privat sektor,3.0,Materialgjenvinning,"Vannforsyning, avløps-, renovasjons- og oppryddingsvirksomhet",38.0,38.2,38.21,38.21,6567661.44,193004.0599999996,2025-12-05 03:21:50,"9,631463133035078","59,13695042552748",38210.0,983594506,346.0,True
912580202,Maskineriet AS,1,319.0,15323382.0,1.0,Aksjeselskap,,912580148.0,Maskineriet Holding AS,912580148.0,Maskineriet AS,Telemark,Telemark,4003.0,4003.0,Skien,SKIEN,300-399,146011.0,2232.0,2013-10-09,Private aksjeselskaper mv.,Privat sektor,8.0,Telefonvakttjenester og telefonsalg,Forretningsmessig tjenesteyting,82.0,82.2,82.2,82.2,6572193.18,192192.0700000003,2025-12-05 03:21:50,"9,610950353022814","59,176881220752925",82200.0,912580202,319.0,True
981240987,Tango drift AS,1,232.0,13451345.0,1.0,Aksjeselskap,,981090241.0,Frisørkjeden Tango Norge AS,927075113.0,Tango Drift AS,Telemark,Telemark,4001.0,4001.0,Porsgrunn,PORSGRUNN,200-249,169059.0,18257.0,1999-10-05,Private aksjeselskaper mv.,Privat sektor,9.0,Frisering og barbering,Annen tjenesteyting,96.0,96.2,96.21,96.21,6567897.720000001,194278.8899999997,2025-12-05 03:21:50,"9,653313668625717","59,139980669560735",96210.0,981240987,232.0,True
981083032,Ulefos AS,1,226.0,13465300.0,1.0,Aksjeselskap,,990759529.0,Ulefos Holding AS,41188331.0,Ulefos AS,Telemark,Telemark,4018.0,4018.0,Nome,NOME,200-249,646091.0,5469.0,1999-09-10,Private aksjeselskaper mv.,Privat sektor,2.0,Støping av jern,Industri,24.0,24.5,24.51,24.51,6585676.48,173139.6200000001,2025-12-05 03:21:50,"9,258986293170437","59,28313837216842",24510.0,981083032,226.0,True
974761335,Forbrukertilsynet,1,143.0,13602934.0,1.0,Organisasjonsledd,972417793.0,,,,Forbrukertilsynet,Telemark,Telemark,4001.0,4001.0,Porsgrunn,PORSGRUNN,125-149,0.0,0.0,1995-08-09,Stats- og trygdeforvaltningen,Privat sektor,8.0,Offentlig administrasjon tilknyttet næringsvirksomhet og arbeidsmarked,"Offentlig administrasjon og forsvar, og trygdeordninger underlagt offentlig forvaltning",84.0,84.1,84.13,84.13,6567924.51,193379.58000000007,2025-12-05 03:21:50,"9,63762787530556","59,13957324882992",84130.0,974761335,143.0,True
964715378,Laugstol AS,1,131.0,13336866.0,1.0,Aksjeselskap,,999508049.0,Telemark Group AS,999508049.0,Laugstol AS,Telemark,Telemark,4001.0,4001.0,Porsgrunn,PORSGRUNN,125-149,356915.0,15165.0,1992-06-19,Private aksjeselskaper mv.,Privat sektor,4.0,Elektrisk installasjonsarbeid,Bygge- og anleggsvirksomhet,43.0,43.2,43.21,43.21,6566076.18,196228.75999999972,2025-12-05 03:21:50,"9,689773355622147","59,125088929541334",43210.0,964715378,131.0,True
989383167,Bypost AS,1,129.0,13247894.0,1.0,Aksjeselskap,,989310232.0,Bypost Norge AS,992113057.0,Bypost AS,Telemark,Telemark,4003.0,4003.0,Skien,SKIEN,125-149,356902.0,13033.0,2006-01-10,Private aksjeselskaper mv.,Privat sektor,5.0,Andre post- og budtjenester,Transport og lagring,53.0,53.2,53.2,53.2,6572027.49,192190.1799999997,2025-12-05 03:21:50,"9,6111512209641","59,17539846908003",53200.0,989383167,129.0,True
918695079,Pasientreiser HF,1,127.0,15896893.0,1.0,Annet foretak iflg. særskilt lov,,,,,Pasientreiser HF,Telemark,Telemark,4003.0,4003.0,Skien,SKIEN,125-149,198208.0,-2770.0,2017-03-30,Stats- og trygdeforvaltningen,Privat sektor,8.0,Somatiske sykehustjenester,Helse- og sosialtjenester,86.0,86.1,86.1,86.101,6570833.380000001,193451.2000000002,2025-12-05 03:21:50,"9,634793048290229","59,16563334006577",86101.0,918695079,127.0,True
989086642,At skog sa,1,94.0,13483185.0,1.0,Samvirkeforetak,,,,,AT Skog Sa,Telemark,Telemark,4001.0,4001.0,Porsgrunn,PORSGRUNN,75-99,1777565.0,51009.0,2005-11-22,Private aksjeselskaper mv.,Privat sektor,4.0,"Engroshandel med tømmer, trelast, byggevarer og sanitærutstyr",Varehandel,46.0,46.8,46.83,46.83,6568392.76,194529.0700000003,2025-12-05 03:21:50,"9,656975397715682","59,14458666967789",46830.0,989086642,94.0,True
919767367,Sac drift AS,1,92.0,15980514.0,1.0,Aksjeselskap,,999251528.0,Sac Invest AS,240487351.0,Sac Drift AS,Telemark,Telemark,4024.0,4024.0,Hjartdal,HJARTDAL,75-99,29894.0,-272.0,2017-10-11,Private aksjeselskaper mv.,Privat sektor,5.0,Drift av restauranter,Overnattings- og serveringsvirksomhet,56.0,56.1,56.11,56.11,6638289.67,154562.41000000015,2025-12-05 03:21:50,"8,849549185105175","59,73816945300509",56110.0,919767367,92.0,True
910402722,Alf johansen AS,1,92.0,12946536.0,1.0,Aksjeselskap,,,,,Alf Johansen AS,Telemark,Telemark,4022.0,4022.0,Seljord,SELJORD,75-99,497203.0,35001.0,1980-09-18,Private aksjeselskaper mv.,Privat sektor,4.0,Grunnarbeid,Bygge- og anleggsvirksomhet,43.0,43.1,43.12,43.12,6611454.109999999,139782.90000000037,2025-12-05 03:21:50,"8,633917239081065","59,48614814382327",43120.0,910402722,92.0,True
953069466,Kranringen AS,1,87.0,13445973.0,1.0,Aksjeselskap,,917638381.0,Crane Norway Group AS,917638381.0,Kranringen AS,Telemark,Telemark,4003.0,4003.0,Skien,SKIEN,75-99,161615.0,5654.0,1989-09-01,Private aksjeselskaper mv.,Privat sektor,4.0,Godstransport på vei,Transport og lagring,49.0,49.4,49.41,49.41,6571502.210000001,191617.0599999996,2025-12-05 03:21:50,"9,601911448843774","59,17028670779206",49410.0,953069466,87.0,True
991729380,Hybeko AS,1,73.0,12930137.0,1.0,Aksjeselskap,,991668306.0,Hyko Invest AS,220661411.0,Hybeko AS,Telemark,Telemark,4003.0,4003.0,Skien,SKIEN,50-74,343597.0,12883.0,2007-09-06,Private aksjeselskaper mv.,Privat sektor,4.0,Engroshandel med maskiner og utstyr ellers,Varehandel,46.0,46.6,46.64,46.64,6572049.9,193665.8899999997,2025-12-05 03:21:50,"9,636823783989872","59,176665092309634",46640.0,991729380,73.0,True
920997082,Norsk skogrydding AS,1,69.0,16116955.0,1.0,Aksjeselskap,,,,,Norsk Skogrydding AS,Telemark,Telemark,4016.0,4016.0,Drangedal,DRANGEDAL,50-74,146886.0,10118.0,2018-05-24,Private aksjeselskaper mv.,Privat sektor,2.0,Avvirkning,"Jordbruk, skogbruk og fiske",22.0,22.0,22.0,2.2,6565114.58,160204.83000000007,2025-12-05 03:21:50,"9,065231723479034","59,08929535677579",2200.0,920997082,69.0,True
922704619,Porsgrunn retail AS,1,68.0,16282452.0,1.0,Aksjeselskap,,933730506.0,Strandberg AS,300869391.0,Porsgrunn Retail AS,Telemark,Telemark,4001.0,4001.0,Porsgrunn,PORSGRUNN,50-74,177083.0,-426.0,2019-03-25,Private aksjeselskaper mv.,Privat sektor,4.0,Detaljhandel med elektriske husholdningsapparater,Varehandel,47.0,47.5,47.54,47.54,6567405.18,193448.3700000001,2025-12-05 03:21:50,"9,639552659715154","59,13497939179805",47540.0,922704619,68.0,True
925750638,Nk energi AS,1,63.0,16578065.0,1.0,Aksjeselskap,,954446689.0,Certas Energy Fuels AS,918023232.0,NK Energi AS,Telemark,Telemark,4001.0,4001.0,Porsgrunn,PORSGRUNN,50-74,1159852.0,11500.0,2020-09-04,Private aksjeselskaper mv.,Privat sektor,4.0,"Engroshandel med drivstoff, brensel og beslektede produkter",Varehandel,46.0,46.8,46.81,46.81,6560782.75,203308.83999999985,2025-12-05 03:21:50,"9,820111621406827","59,08273808373187",46810.0,925750638,63.0,True
983439977,Aspit AS,1,58.0,13105402.0,1.0,Aksjeselskap,,,,,Aspit AS,Telemark,Telemark,4022.0,4022.0,Seljord,SELJORD,50-74,111260.0,29371.0,2001-05-28,Private aksjeselskaper mv.,Privat sektor,6.0,Konsulentvirksomhet tilknyttet informasjonsteknologi og forvaltning og drift av IT-systemer,"Telekommunikasjon, dataprogrammering, konsulentvirksomhet, datainfrastruktur og andre tjenester tilk",62.0,62.2,62.2,62.2,6610900.07,139537.6200000001,2025-12-05 03:21:50,"8,63054836116802","59,480993134877714",62200.0,983439977,58.0,True
930730556,Brubakken AS,1,49.0,12932576.0,1.0,Aksjeselskap,,992625619.0,Brubakken Holding AS,992360240.0,Brubakken AS,Telemark,Telemark,4001.0,4001.0,Porsgrunn,PORSGRUNN,40-49,221747.0,3256.0,1974-12-27,Private aksjeselskaper mv.,Privat sektor,3.0,Reparasjon og vedlikehold av maskiner,Industri,33.0,33.1,33.12,33.12,6566076.18,196228.75999999972,2025-12-05 03:21:50,"9,689773355622147","59,125088929541334",33120.0,930730556,49.0,True
926818317,Spedify AS,1,43.0,16682621.0,1.0,Aksjeselskap,,,,,Spedify AS,Telemark,Telemark,4026.0,4026.0,Tinn,TINN,40-49,11220.0,-5205.0,2021-02-27,Private aksjeselskaper mv.,Privat sektor,5.0,Lagring,Transport og lagring,52.0,52.1,52.1,52.1,6654954.92,145409.9299999997,2025-12-05 03:21:50,"8,659436397952838","59,87919902791237",52100.0,926818317,43.0,True
937773609,Skarpenord AS,1,43.0,13293912.0,1.0,Aksjeselskap,,945429437.0,Scana Trading AS,945429437.0,Skarpenord AS,Telemark,Telemark,4026.0,4026.0,Tinn,TINN,40-49,102962.0,7988.0,1986-01-03,Private aksjeselskaper mv.,Privat sektor,2.0,Produksjon av komponenter til hydraulisk og pneumatisk utstyr,Industri,28.0,28.1,28.12,28.12,6655327.789999999,140657.86000000034,2025-12-05 03:21:50,"8,574435988795717","59,878423063486224",28120.0,937773609,43.0,True
821863902,Energistopp AS,1,41.0,16200285.0,1.0,Aksjeselskap,,,,,Energistopp AS,Telemark,Telemark,4001.0,4001.0,Porsgrunn,PORSGRUNN,40-49,32609.0,-7.0,2018-11-16,Private aksjeselskaper mv.,Privat sektor,4.0,Detaljhandel med drivstoff til motorvogner,Varehandel,47.0,47.3,47.3,47.3,6563193.17,196153.96,2025-12-05 03:21:50,"9,692470266619061","59,09925586531337",47300.0,821863902,41.0,True
922346313,Nb & partnere AS,1,37.0,16247352.0,1.0,Aksjeselskap,,,,,NB & Partnere AS,Telemark,Telemark,4012.0,4012.0,Bamble,BAMBLE,30-39,27503.0,494.0,2019-02-25,Øvrige finansielle foretak unntatt forsikring,Privat sektor,6.0,Forsikringsformidling,Finansiell tjenesteyting,66.0,66.2,66.22,66.22,6555753.92,196276.5499999998,2025-12-05 03:21:50,"9,704880640923141","59,03282043604618",66220.0,922346313,37.0,True
986754199,Vms Porsgrunn AS,1,37.0,13218248.0,1.0,Aksjeselskap,,920192793.0,VMS Operations AS,920192793.0,VMS Porsgrunn AS,Telemark,Telemark,4001.0,4001.0,Porsgrunn,PORSGRUNN,30-39,139808.0,15434.0,2004-01-02,Private aksjeselskaper mv.,Privat sektor,3.0,Reparasjon og vedlikehold av maskiner,Industri,33.0,33.1,33.12,33.12,6567799.41,192912.33999999985,2025-12-05 03:21:50,"9,62967364288241","59,13811785513937",33120.0,986754199,37.0,True
971225793,Eiendomsmegler 1 Telemark AS,1,34.0,13588576.0,1.0,Aksjeselskap,,937895321.0,Sparebank 1 Sør-Norge ASA,937895321.0,Eiendomsmegler 1 Telemark AS,Telemark,Telemark,4003.0,4003.0,Skien,SKIEN,30-39,66663.0,9214.0,1994-06-29,Private aksjeselskaper mv.,Privat sektor,6.0,Eiendomsmegling og andre formidlingstjenester for eiendom,Eiendomsvirksomhet,68.0,68.3,68.31,68.31,6575753.970000001,192344.5499999998,2025-12-05 03:21:50,"9,608578734227487","59,20882747015716",68310.0,971225793,34.0,True
923822410,Vestfold og Telemark revisjon iks,1,31.0,16390513.0,1.0,Interkommunalt selskap,,,,,Vestfold og Telemark Revisjon Iks,Telemark,Telemark,4003.0,4003.0,Skien,SKIEN,30-39,41375.0,2593.0,2019-09-05,Kommuneforvaltningen,Privat sektor,8.0,Generell offentlig administrasjon,"Offentlig administrasjon og forsvar, og trygdeordninger underlagt offentlig forvaltning",84.0,84.1,84.11,84.11,6575567.32,192307.59999999963,2025-12-05 03:21:50,"9,608198374256126","59,20713192222843",84110.0,923822410,31.0,True
828430882,First camp Norge AS,1,29.0,16829649.0,1.0,Aksjeselskap,,,,,First Camp Norge AS,Telemark,Telemark,4020.0,4020.0,Midt-Telemark,MIDT-TELEMARK,25-29,53446.0,-11781.0,2021-12-01,Private aksjeselskaper mv.,Privat sektor,5.0,Drift av campingplasser,Overnattings- og serveringsvirksomhet,55.0,55.3,55.3,55.3,6597252.68,174383.1299999999,2025-12-05 03:21:50,"9,263232434985568","59,387533943683756",55300.0,828430882,29.0,True
925066583,Framtre AS,1,28.0,16512594.0,1.0,Aksjeselskap,,977559383.0,AT Skog Invest AS,989086642.0,Framtre AS,Telemark,Telemark,4001.0,4001.0,Porsgrunn,PORSGRUNN,25-29,47280.0,3116.0,2020-05-01,Private aksjeselskaper mv.,Privat sektor,2.0,Avvirkning,"Jordbruk, skogbruk og fiske",22.0,22.0,22.0,2.2,6568392.76,194529.0700000003,2025-12-05 03:21:50,"9,656975397715682","59,14458666967789",2200.0,925066583,28.0,True
925231460,Brubakken rental AS,1,27.0,16528097.0,1.0,Aksjeselskap,,992625619.0,Brubakken Holding AS,992360240.0,Brubakken Rental AS,Telemark,Telemark,4001.0,4001.0,Porsgrunn,PORSGRUNN,25-29,157454.0,38237.0,2020-06-11,Private aksjeselskaper mv.,Privat sektor,3.0,Reparasjon og vedlikehold av maskiner,Industri,33.0,33.1,33.12,33.12,6566076.18,196228.75999999972,2025-12-05 03:21:50,"9,689773355622147","59,125088929541334",33120.0,925231460,27.0,True
945482184,Trend sko arkaden AS,1,26.0,13002629.0,1.0,Aksjeselskap,,,,,Trend Sko Arkaden AS,Telemark,Telemark,4003.0,4003.0,Skien,SKIEN,25-29,20985.0,339.0,1987-10-21,Private aksjeselskaper mv.,Privat sektor,4.0,Detaljhandel med skotøy og lærvarer,Varehandel,47.0,47.7,47.72,47.72,6575567.32,192307.59999999963,2025-12-05 03:21:50,"9,608198374256126","59,20713192222843",47720.0,945482184,26.0,True
915232523,Porsgrunds porselænsfabrik AS,1,24.0,13223513.0,1.0,Aksjeselskap,,991545980.0,3 Norske Handel og Industri AS,300953495.0,Porsgrunds Porselænsfabrik AS,Telemark,Telemark,4001.0,4001.0,Porsgrunn,PORSGRUNN,20-24,47010.0,1150.0,1885-05-11,Private aksjeselskaper mv.,Privat sektor,2.0,Produksjon av keramiske husholdningsartikler og dekorasjonsgjenstander,Industri,23.0,23.4,23.41,23.41,6567985.65,193403.74000000025,2025-12-05 03:21:50,"9,637962544822331","59,140137315034124",23410.0,915232523,24.0,True
987259787,Tvb bolig AS,1,22.0,13024112.0,1.0,Aksjeselskap,,997035364.0,Heidenreich-Riis og Lillefjære AS,997035364.0,TVB Bolig AS,Telemark,Telemark,4003.0,4003.0,Skien,SKIEN,20-24,51918.0,-3811.0,2004-09-13,Private aksjeselskaper mv.,Privat sektor,4.0,Oppføring av bygninger,Bygge- og anleggsvirksomhet,41.0,41.0,41.0,41.0,6574714.210000001,192398.21,2025-12-05 03:21:50,"9,610983210904319","59,19957024376824",41000.0,987259787,22.0,True
993034169,Tsg holdco AS,1,22.0,13806847.0,1.0,Aksjeselskap,,999508049.0,Telemark Group AS,999508049.0,TSG Holdco AS,Telemark,Telemark,4001.0,4001.0,Porsgrunn,PORSGRUNN,20-24,41976.0,-2627.0,2008-08-08,Private aksjeselskaper mv.,Privat sektor,7.0,Annen teknisk konsulentvirksomhet,"Faglig, vitenskapelig og teknisk tjenesteyting",71.0,71.1,71.12,71.129,6563445.539999999,194941.3200000003,2025-12-05 03:21:50,"9,67104277973772","59,10064640030896",71129.0,993034169,22.0,True
932291746,Stasjonsdrift blandkjenn AS,1,21.0,17190637.0,1.0,Aksjeselskap,,,,,Stasjonsdrift Blandkjenn AS,Telemark,Telemark,4014.0,4014.0,Kragerø,KRAGERØ,20-24,9959.0,536.0,2023-09-12,Private aksjeselskaper mv.,Privat sektor,4.0,Detaljhandel med drivstoff til motorvogner,Varehandel,47.0,47.3,47.3,47.3,6542900.48,172835.3200000003,2025-12-05 03:21:50,"9,317450060626486","58,900662482059964",47300.0,932291746,21.0,True
998850371,Aplia AS,1,21.0,15126989.0,1.0,Aksjeselskap,,,,,Aplia AS,Telemark,Telemark,4003.0,4003.0,Skien,SKIEN,20-24,19828.0,458.0,2012-09-03,Private aksjeselskaper mv.,Privat sektor,6.0,Dataprogrammeringstjenester,"Telekommunikasjon, dataprogrammering, konsulentvirksomhet, datainfrastruktur og andre tjenester tilk",62.0,62.1,62.1,62.1,6575704.15,192395.33999999985,2025-12-05 03:21:50,"9,609534634313489","59,20841886039901",62100.0,998850371,21.0,True
924965126,Stena confidential AS,1,21.0,16502317.0,1.0,Aksjeselskap,,983594506.0,Stena Recycling AS,983594506.0,Stena Confidential AS,Telemark,Telemark,4001.0,4001.0,Porsgrunn,PORSGRUNN,20-24,53552.0,8656.0,2020-04-15,Private aksjeselskaper mv.,Privat sektor,3.0,Materialgjenvinning,"Vannforsyning, avløps-, renovasjons- og oppryddingsvirksomhet",38.0,38.2,38.21,38.21,6567661.44,193004.0599999996,2025-12-05 03:21:50,"9,631463133035078","59,13695042552748",38210.0,924965126,21.0,True
823164912,Ts site services AS,1,18.0,13056028.0,1.0,Aksjeselskap,,993034169.0,TSG Holdco AS,999508049.0,TS Site Services AS,Telemark,Telemark,4001.0,4001.0,Porsgrunn,PORSGRUNN,15-19,37386.0,2898.0,1979-05-01,Private aksjeselskaper mv.,Privat sektor,3.0,Reparasjon og vedlikehold av maskiner,Industri,33.0,33.1,33.12,33.12,6563445.539999999,194941.3200000003,2025-12-05 03:21:50,"9,67104277973772","59,10064640030896",33120.0,823164912,18.0,True
991693386,K-konsult bensindrift AS,1,17.0,13749303.0,1.0,Aksjeselskap,,987123052.0,K - Konsult Invest AS,90970331.0,K-Konsult Bensindrift AS,Telemark,Telemark,4001.0,4001.0,Porsgrunn,PORSGRUNN,15-19,10911.0,-71.0,2007-08-14,Private aksjeselskaper mv.,Privat sektor,4.0,Detaljhandel med drivstoff til motorvogner,Varehandel,47.0,47.3,47.3,47.3,6567535.9,194433.6799999997,2025-12-05 03:21:50,"9,656512626891221","59,13685665510519",47300.0,991693386,17.0,True
982579252,Wienerberger AS,1,17.0,13021562.0,1.0,Aksjeselskap,,,,,Wienerberger AS,Telemark,Telemark,4018.0,4018.0,Nome,NOME,15-19,163981.0,12113.0,2000-10-17,Private aksjeselskaper mv.,Privat sektor,4.0,"Engroshandel med tømmer, trelast, byggevarer og sanitærutstyr",Varehandel,46.0,46.8,46.83,46.83,6587913.380000001,164108.41999999993,2025-12-05 03:21:50,"9,09785214995132","59,29604997831885",46830.0,982579252,17.0,True
925590711,Telemark eiendomsmegling AS,1,16.0,16562670.0,1.0,Aksjeselskap,,928026744.0,Telemark Eiendomsmegling Holding AS,928026744.0,Telemark Eiendomsmegling AS,Telemark,Telemark,4003.0,4003.0,Skien,SKIEN,15-19,18053.0,2201.0,2020-08-24,Private aksjeselskaper mv.,Privat sektor,6.0,Eiendomsmegling og andre formidlingstjenester for eiendom,Eiendomsvirksomhet,68.0,68.3,68.31,68.31,6575704.15,192395.33999999985,2025-12-05 03:21:50,"9,609534634313489","59,20841886039901",68310.0,925590711,16.0,True
910145487,A amundsen skotøyforretning AS,1,15.0,13084921.0,1.0,Aksjeselskap,,,,,A Amundsen Skotøyforretning AS,Telemark,Telemark,4003.0,4003.0,Skien,SKIEN,15-19,21917.0,699.0,1965-12-12,Private aksjeselskaper mv.,Privat sektor,4.0,Detaljhandel med skotøy og lærvarer,Varehandel,47.0,47.7,47.72,47.72,6575886.17,192138.34999999963,2025-12-05 03:21:50,"9,604796791084375","59,20985989807587",47720.0,910145487,15.0,True
922926743,Agere trafikkskole AS,1,14.0,16302993.0,1.0,Aksjeselskap,,979148046.0,Wright Trafikkskole AS,300364297.0,Agere Trafikkskole AS,Telemark,Telemark,4003.0,4003.0,Skien,SKIEN,10-14,23458.0,1499.0,2019-05-23,Private aksjeselskaper mv.,Privat sektor,8.0,Undervisning ved godkjente trafikkskoler,Undervisning,85.0,85.5,85.53,85.531,6571360.8100000005,191602.29000000004,2025-12-05 03:21:50,"9,601854041984462","59,16901179722415",85531.0,922926743,14.0,True
917471517,Kremen herkules AS,1,13.0,15773017.0,1.0,Aksjeselskap,,,,,Kremen Herkules AS,Telemark,Telemark,4003.0,4003.0,Skien,SKIEN,10-14,13134.0,1674.0,2016-07-01,Private aksjeselskaper mv.,Privat sektor,5.0,Drift av restauranter,Overnattings- og serveringsvirksomhet,56.0,56.1,56.11,56.11,6577318.57,186237.2000000002,2025-12-05 03:21:50,"9,499861438342705","59,21834306050465",56110.0,917471517,13.0,True
918662049,Rare earths Norway AS,1,12.0,15883459.0,3.0,Aksjeselskap,,946990191.0,Hustadlitt A/S,946990191.0,Rare Earths Norway AS,Telemark,Telemark,4018.0,4018.0,Nome,NOME,10-14,805.0,-22928.0,2017-02-10,Private aksjeselskaper mv.,Privat sektor,8.0,Annen bryting og utvinning ikke nevnt annet sted,Bergverksdrift og utvinning,89.0,89.9,89.9,8.99,6584250.050000001,175552.33999999985,2025-12-05 03:21:50,"9,30325617375313","59,27224848580946",8990.0,918662049,12.0,True
992811285,Balanzera AS,1,12.0,13795218.0,1.0,Aksjeselskap,,993034541.0,Transisto AS,993034541.0,Balanzera AS,Telemark,Telemark,4028.0,4028.0,Kviteseid,KVITESEID,10-14,6493.0,322.0,2008-06-12,Private aksjeselskaper mv.,Privat sektor,9.0,Frisering og barbering,Annen tjenesteyting,96.0,96.2,96.21,96.21,6602847.91,130764.9299999997,2025-12-05 03:21:50,"8,490557164282702","59,40153267462569",96210.0,992811285,12.0,True
971220988,Hjartdal og gransherad rekneskapskontor AS,1,11.0,12880162.0,1.0,Aksjeselskap,,,,,Hjartdal og Gransherad Rekneskapskontor AS,Telemark,Telemark,4024.0,4024.0,Hjartdal,HJARTDAL,10-14,8496.0,327.0,1994-09-12,Private aksjeselskaper mv.,Privat sektor,6.0,Regnskapsføring og bokføring,"Faglig, vitenskapelig og teknisk tjenesteyting",69.0,69.2,69.2,69.202,6623866.798599999,158700.48730000015,2025-12-05 03:21:50,"8,946099999749187","59,61280000087395",69202.0,971220988,11.0,True
823192452,Hks AS,1,11.0,16328628.0,1.0,Aksjeselskap,,,,,HKS AS,Telemark,Telemark,4003.0,4003.0,Skien,SKIEN,10-14,26364.0,-282.0,2019-07-08,Private aksjeselskaper mv.,Privat sektor,4.0,Detaljhandel med bredt vareutvalg med hovedvekt på nærings- og nytelsesmidler,Varehandel,47.0,47.1,47.11,47.11,6569504.01,191949.4400000004,2025-12-05 03:21:50,"9,610518590129935","59,15266243751077",47110.0,823192452,11.0,True
920835163,Dm energy AS,1,10.0,16101554.0,1.0,Aksjeselskap,,952586882.0,Tokke Teknologipark AS,200754471.0,DM Energy AS,Telemark,Telemark,4032.0,4032.0,Fyresdal,FYRESDAL,10-14,21419.0,-2807.0,2018-04-17,Private aksjeselskaper mv.,Privat sektor,2.0,Bearbeiding av metaller,Industri,25.0,25.5,25.53,25.53,6583289.74,105436.5,2025-12-05 03:21:50,"8,083356863956901","59,204236906928784",25530.0,920835163,10.0,True
926782274,Layerone AS,1,10.0,16677282.0,1.0,Aksjeselskap,,926782339.0,Clara Ventures AS,251058305.0,Layerone AS,Telemark,Telemark,4001.0,4001.0,Porsgrunn,PORSGRUNN,10-14,4942.0,-22520.0,2021-02-12,Private aksjeselskaper mv.,Privat sektor,7.0,Forskning og eksperimentell utvikling innenfor naturvitenskap og teknikk,"Faglig, vitenskapelig og teknisk tjenesteyting",72.0,72.1,72.1,72.1,6565408.09,193235.6100000004,2025-12-05 03:21:50,"9,638649789035062","59,11696985151429",72100.0,926782274,10.0,True
930060690,Amedia annonse Telemark og agder AS,1,9.0,16987132.0,1.0,Aksjeselskap,,987604638.0,Amedia Lokal AS,817112242.0,Amedia Annonse Telemark og Agder AS,Telemark,Telemark,4003.0,4003.0,Skien,SKIEN,5-9,13147.0,-3.0,2022-09-01,Private aksjeselskaper mv.,Privat sektor,7.0,Reklamebyråvirksomhet,"Faglig, vitenskapelig og teknisk tjenesteyting",73.0,73.1,73.11,73.11,6575704.15,192395.33999999985,2025-12-05 03:21:50,"9,609534634313489","59,20841886039901",73110.0,930060690,9.0,True
990174873,Telerevisjon AS,1,9.0,13442879.0,1.0,Aksjeselskap,,,,,Telerevisjon AS,Telemark,Telemark,4022.0,4022.0,Seljord,SELJORD,5-9,10852.0,214.0,2006-07-31,Private aksjeselskaper mv.,Privat sektor,6.0,Revisjon,"Faglig, vitenskapelig og teknisk tjenesteyting",69.0,69.2,69.2,69.201,6610900.07,139537.6200000001,2025-12-05 03:21:50,"8,63054836116802","59,480993134877714",69201.0,990174873,9.0,True
979861699,T midgaard & co AS,1,9.0,13270248.0,1.0,Aksjeselskap,,977454867.0,Midgaard Eiendom AS,190257333.0,T Midgaard & Co AS,Telemark,Telemark,4003.0,4003.0,Skien,SKIEN,5-9,3884.0,-192.0,1998-01-01,Private aksjeselskaper mv.,Privat sektor,1.0,"Produksjon av andre trevarer og varer av kork, strå og flettematerialer",Industri,16.0,16.2,16.28,16.28,6575162.07,191886.01999999955,2025-12-05 03:21:50,"9,601422342394093","59,20320297873129",16280.0,979861699,9.0,True
990652643,Vestmar transport AS,1,8.0,13026160.0,1.0,Aksjeselskap,,994057383.0,Drangedal Bilruter AS,994002007.0,Vestmar Transport AS,Telemark,Telemark,4016.0,4016.0,Drangedal,DRANGEDAL,5-9,18890.0,2105.0,2006-12-06,Private aksjeselskaper mv.,Privat sektor,4.0,Godstransport på vei,Transport og lagring,49.0,49.4,49.41,49.41,6565114.58,160204.83000000007,2025-12-05 03:21:50,"9,065231723479034","59,08929535677579",49410.0,990652643,8.0,True
821551692,Økoråd Bamble AS,1,8.0,16166710.0,1.0,Aksjeselskap,,,,,Økoråd Bamble AS,Telemark,Telemark,4012.0,4012.0,Bamble,BAMBLE,5-9,10103.0,737.0,2018-09-14,Private aksjeselskaper mv.,Privat sektor,6.0,Regnskapsføring og bokføring,"Faglig, vitenskapelig og teknisk tjenesteyting",69.0,69.2,69.2,69.202,6557039.359999999,195669.6299999999,2025-12-05 03:21:50,"9,692575619357234","59,04388321516309",69202.0,821551692,8.0,True
924523913,Telemark kompetanse AS,1,7.0,16459454.0,1.0,Aksjeselskap,,925141232.0,1883 Moh AS,925141232.0,Telemark Kompetanse AS,Telemark,Telemark,4018.0,4018.0,Nome,NOME,5-9,10619.0,1161.0,2020-01-17,Private aksjeselskaper mv.,Privat sektor,7.0,Bedriftsrådgivning og annen administrativ rådgivning,"Faglig, vitenskapelig og teknisk tjenesteyting",70.0,70.2,70.2,70.2,6588256.460000001,164437.5499999998,2025-12-05 03:21:50,"9,103067888323995","59,29937580539135",70200.0,924523913,7.0,True
925207950,Northern data nor AS,1,6.0,16525900.0,1.0,Aksjeselskap,,,,,Northern Data Nor AS,Telemark,Telemark,4005.0,4005.0,Notodden,NOTODDEN,5-9,34447.0,-131279.0,2020-05-28,Private aksjeselskaper mv.,Privat sektor,6.0,"Datainfrastruktur, -behandling, -lagring og tilknyttede tjenester","Telekommunikasjon, dataprogrammering, konsulentvirksomhet, datainfrastruktur og andre tjenester tilk",63.0,63.1,63.1,63.1,6616075.59,175681.88999999966,2025-12-05 03:21:50,"9,25742148196104","59,55672038346353",63100.0,925207950,6.0,True
965292888,Lifjell skisenter AS,1,5.0,13503531.0,1.0,Aksjeselskap,,989207873.0,Jønnbu Invest AS,241256447.0,Lifjell Skisenter AS,Telemark,Telemark,4020.0,4020.0,Midt-Telemark,MIDT-TELEMARK,5-9,7079.0,530.0,1992-11-09,Private aksjeselskaper mv.,Privat sektor,9.0,Drift av idrettsanlegg,"Kulturell virksomhet, idrett og fritidsaktiviteter",93.0,93.1,93.11,93.11,6608539.27,160469.66999999993,2025-12-05 03:21:50,"9,001749180076734","59,47735912356655",93110.0,965292888,5.0,True
955996836,Vest-telemark kraftlag AS,1,5.0,13100105.0,3.0,Aksjeselskap,,925604313.0,Vest-Telemark Kraftlag Holding AS,925604313.0,Vest-Telemark Kraftlag AS,Telemark,Telemark,4034.0,4034.0,Tokke,TOKKE,5-9,364026.0,142807.0,1940-09-13,Kommunale aksjeselskaper mv.,Privat sektor,3.0,Handel med elektrisitet,"Forsyning av elektrisitet, gass, damp og kjøleluft",35.0,35.1,35.15,35.15,6615561.5600000005,115324.0499999998,2025-12-05 03:21:50,"8,197678503970746","59,50109108694503",35150.0,955996836,5.0,True
927947242,Godrive AS,1,5.0,16789054.0,1.0,Aksjeselskap,,,,,Godrive AS,Telemark,Telemark,4028.0,4028.0,Kviteseid,KVITESEID,5-9,76806.0,15657.0,2021-09-24,Private aksjeselskaper mv.,Privat sektor,4.0,Engroshandel med maskiner og utstyr ellers,Varehandel,46.0,46.6,46.64,46.64,6593383.34,129074.65000000036,2025-12-05 03:21:50,"8,477272913936092","59,315606716734784",46640.0,927947242,5.0,True
918488812,Avility AS,1,5.0,15865575.0,1.0,Aksjeselskap,,818374542.0,BIG Kahuna Holding AS,240277377.0,Avility AS,Telemark,Telemark,4001.0,4001.0,Porsgrunn,PORSGRUNN,5-9,17603.0,-2258.0,2017-01-16,Private aksjeselskaper mv.,Privat sektor,4.0,Engroshandel med informasjons- og kommunikasjonsteknologiutstyr,Varehandel,46.0,46.5,46.5,46.5,6569175.59,193595.49000000025,2025-12-05 03:21:50,"9,639631225287921","59,150914857221785",46500.0,918488812,5.0,True
984861826,Nome regnskap AS,1,5.0,13522565.0,1.0,Aksjeselskap,,,,,Nome Regnskap AS,Telemark,Telemark,4018.0,4018.0,Nome,NOME,5-9,3888.0,173.0,2002-08-30,Private aksjeselskaper mv.,Privat sektor,6.0,Regnskapsføring og bokføring,"Faglig, vitenskapelig og teknisk tjenesteyting",69.0,69.2,69.2,69.202,6585384.08,173697.53000000026,2025-12-05 03:21:50,"9,26916917672279","59,28095617819494",69202.0,984861826,5.0,True
921197233,Avanti revisjon AS,1,5.0,16136864.0,1.0,Aksjeselskap,,921187394.0,Avanti Holding AS,921187394.0,Avanti Revisjon AS,Telemark,Telemark,4018.0,4018.0,Nome,NOME,5-9,5766.0,1318.0,2018-07-11,Private aksjeselskaper mv.,Privat sektor,6.0,Revisjon,"Faglig, vitenskapelig og teknisk tjenesteyting",69.0,69.2,69.2,69.201,6588256.460000001,164437.5499999998,2025-12-05 03:21:50,"9,103067888323995","59,29937580539135",69201.0,921197233,5.0,True
921166389,Regnskapsservice AS,1,5.0,12877264.0,1.0,Aksjeselskap,,,,,Regnskapsservice AS,Telemark,Telemark,4001.0,4001.0,Porsgrunn,PORSGRUNN,5-9,6151.0,762.0,1969-09-01,Private aksjeselskaper mv.,Privat sektor,6.0,Regnskapsføring og bokføring,"Faglig, vitenskapelig og teknisk tjenesteyting",69.0,69.2,69.2,69.202,6567894.85,194220.79000000004,2025-12-05 03:21:50,"9,652306705024072","59,13991326824014",69202.0,921166389,5.0,True
