Kommune,År,Kategori,Antall
Bamble,1995-01-01,Anmodning om bosetting,20.0
Bamble,1995-01-01,Faktisk bosetting,0.0
Bamble,1995-01-01,Vedtak om bosetting,7.0
Bamble,1996-01-01,Anmodning om bosetting,0.0
Bamble,1996-01-01,Faktisk bosetting,0.0
Bamble,1996-01-01,Vedtak om bosetting,0.0
Bamble,1997-01-01,Anmodning om bosetting,0.0
Bamble,1997-01-01,Faktisk bosetting,0.0
Bamble,1997-01-01,Vedtak om bosetting,0.0
Bamble,1998-01-01,Anmodning om bosetting,15.0
Bamble,1998-01-01,Faktisk bosetting,0.0
Bamble,1998-01-01,Vedtak om bosetting,0.0
Bamble,1999-01-01,Anmodning om bosetting,35.0
Bamble,1999-01-01,Faktisk bosetting,0.0
Bamble,1999-01-01,Vedtak om bosetting,8.0
Bamble,2000-01-01,Anmodning om bosetting,20.0
Bamble,2000-01-01,Faktisk bosetting,0.0
Bamble,2000-01-01,Vedtak om bosetting,15.0
Bamble,2001-01-01,Anmodning om bosetting,45.0
Bamble,2001-01-01,Faktisk bosetting,0.0
Bamble,2001-01-01,Vedtak om bosetting,45.0
Bamble,2002-01-01,Anmodning om bosetting,35.0
Bamble,2002-01-01,Faktisk bosetting,0.0
Bamble,2002-01-01,Vedtak om bosetting,35.0
Bamble,2003-01-01,Anmodning om bosetting,40.0
Bamble,2003-01-01,Faktisk bosetting,0.0
Bamble,2003-01-01,Vedtak om bosetting,40.0
Bamble,2004-01-01,Anmodning om bosetting,25.0
Bamble,2004-01-01,Faktisk bosetting,0.0
Bamble,2004-01-01,Vedtak om bosetting,25.0
Bamble,2005-01-01,Anmodning om bosetting,25.0
Bamble,2005-01-01,Faktisk bosetting,0.0
Bamble,2005-01-01,Vedtak om bosetting,25.0
Bamble,2006-01-01,Anmodning om bosetting,25.0
Bamble,2006-01-01,Faktisk bosetting,0.0
Bamble,2006-01-01,Vedtak om bosetting,25.0
Bamble,2007-01-01,Anmodning om bosetting,30.0
Bamble,2007-01-01,Faktisk bosetting,0.0
Bamble,2007-01-01,Vedtak om bosetting,30.0
Bamble,2008-01-01,Anmodning om bosetting,35.0
Bamble,2008-01-01,Faktisk bosetting,0.0
Bamble,2008-01-01,Vedtak om bosetting,35.0
Bamble,2009-01-01,Anmodning om bosetting,40.0
Bamble,2009-01-01,Faktisk bosetting,0.0
Bamble,2009-01-01,Vedtak om bosetting,35.0
Bamble,2010-01-01,Anmodning om bosetting,45.0
Bamble,2010-01-01,Faktisk bosetting,0.0
Bamble,2010-01-01,Vedtak om bosetting,35.0
Bamble,2011-01-01,Anmodning om bosetting,35.0
Bamble,2011-01-01,Faktisk bosetting,0.0
Bamble,2011-01-01,Vedtak om bosetting,35.0
Bamble,2012-01-01,Anmodning om bosetting,40.0
Bamble,2012-01-01,Faktisk bosetting,42.0
Bamble,2012-01-01,Vedtak om bosetting,41.0
Bamble,2013-01-01,Anmodning om bosetting,45.0
Bamble,2013-01-01,Faktisk bosetting,41.0
Bamble,2013-01-01,Vedtak om bosetting,38.0
Bamble,2014-01-01,Anmodning om bosetting,45.0
Bamble,2014-01-01,Faktisk bosetting,40.0
Bamble,2014-01-01,Vedtak om bosetting,35.0
Bamble,2015-01-01,Anmodning om bosetting,50.0
Bamble,2015-01-01,Faktisk bosetting,43.0
Bamble,2015-01-01,Vedtak om bosetting,50.0
Bamble,2016-01-01,Anmodning om bosetting,60.0
Bamble,2016-01-01,Faktisk bosetting,53.0
Bamble,2016-01-01,Vedtak om bosetting,50.0
Bamble,2017-01-01,Anmodning om bosetting,45.0
Bamble,2017-01-01,Faktisk bosetting,42.0
Bamble,2017-01-01,Vedtak om bosetting,45.0
Bamble,2018-01-01,Anmodning om bosetting,25.0
Bamble,2018-01-01,Faktisk bosetting,26.0
Bamble,2018-01-01,Vedtak om bosetting,25.0
Bamble,2019-01-01,Anmodning om bosetting,22.0
Bamble,2019-01-01,Faktisk bosetting,22.0
Bamble,2019-01-01,Vedtak om bosetting,22.0
Bamble,2020-01-01,Anmodning om bosetting,12.0
Bamble,2020-01-01,Faktisk bosetting,12.0
Bamble,2020-01-01,Opprinnelig anmodning,18.0
Bamble,2020-01-01,Vedtak om bosetting,18.0
Bamble,2021-01-01,Anmodning om bosetting,14.0
Bamble,2021-01-01,Faktisk bosetting,15.0
Bamble,2021-01-01,Vedtak om bosetting,14.0
Bamble,2022-01-01,Anmodning om bosetting,75.0
Bamble,2022-01-01,Faktisk bosetting,77.0
Bamble,2022-01-01,Vedtak om bosetting,100.0
Bamble,2023-01-01,Faktisk bosetting,103.0
Bamble,2024-01-01,Anmodning om bosetting,100.0
Bamble,2024-01-01,Faktisk bosetting,53.0
Bamble,2024-01-01,Vedtak om bosetting,50.0
Bamble,2025-01-01,Anmodning om bosetting,18.0
Bamble,2025-01-01,Faktisk bosetting,21.0
Bamble,2025-01-01,Opprinnelig anmodning,40.0
Bamble,2025-01-01,Vedtak om bosetting,20.0
Bamble,2026-01-01,Anmodning om bosetting,47.0
Drangedal,1995-01-01,Anmodning om bosetting,0.0
Drangedal,1995-01-01,Faktisk bosetting,0.0
Drangedal,1995-01-01,Vedtak om bosetting,4.0
Drangedal,1996-01-01,Anmodning om bosetting,0.0
Drangedal,1996-01-01,Faktisk bosetting,0.0
Drangedal,1996-01-01,Vedtak om bosetting,0.0
Drangedal,1997-01-01,Anmodning om bosetting,0.0
Drangedal,1997-01-01,Faktisk bosetting,0.0
Drangedal,1997-01-01,Vedtak om bosetting,0.0
Drangedal,1998-01-01,Anmodning om bosetting,0.0
Drangedal,1998-01-01,Faktisk bosetting,0.0
Drangedal,1998-01-01,Vedtak om bosetting,0.0
Drangedal,1999-01-01,Anmodning om bosetting,10.0
Drangedal,1999-01-01,Faktisk bosetting,0.0
Drangedal,1999-01-01,Vedtak om bosetting,10.0
Drangedal,2000-01-01,Anmodning om bosetting,15.0
Drangedal,2000-01-01,Faktisk bosetting,0.0
Drangedal,2000-01-01,Vedtak om bosetting,15.0
Drangedal,2001-01-01,Anmodning om bosetting,25.0
Drangedal,2001-01-01,Faktisk bosetting,0.0
Drangedal,2001-01-01,Vedtak om bosetting,25.0
Drangedal,2002-01-01,Anmodning om bosetting,10.0
Drangedal,2002-01-01,Faktisk bosetting,0.0
Drangedal,2002-01-01,Vedtak om bosetting,14.0
Drangedal,2003-01-01,Anmodning om bosetting,10.0
Drangedal,2003-01-01,Faktisk bosetting,0.0
Drangedal,2003-01-01,Vedtak om bosetting,0.0
Drangedal,2004-01-01,Anmodning om bosetting,10.0
Drangedal,2004-01-01,Faktisk bosetting,0.0
Drangedal,2004-01-01,Vedtak om bosetting,10.0
Drangedal,2005-01-01,Anmodning om bosetting,5.0
Drangedal,2005-01-01,Faktisk bosetting,0.0
Drangedal,2005-01-01,Vedtak om bosetting,0.0
Drangedal,2006-01-01,Anmodning om bosetting,0.0
Drangedal,2006-01-01,Faktisk bosetting,0.0
Drangedal,2006-01-01,Vedtak om bosetting,0.0
Drangedal,2007-01-01,Anmodning om bosetting,10.0
Drangedal,2007-01-01,Faktisk bosetting,0.0
Drangedal,2007-01-01,Vedtak om bosetting,10.0
Drangedal,2008-01-01,Anmodning om bosetting,10.0
Drangedal,2008-01-01,Faktisk bosetting,0.0
Drangedal,2008-01-01,Vedtak om bosetting,10.0
Drangedal,2009-01-01,Anmodning om bosetting,15.0
Drangedal,2009-01-01,Faktisk bosetting,0.0
Drangedal,2009-01-01,Vedtak om bosetting,10.0
Drangedal,2010-01-01,Anmodning om bosetting,15.0
Drangedal,2010-01-01,Faktisk bosetting,0.0
Drangedal,2010-01-01,Vedtak om bosetting,10.0
Drangedal,2011-01-01,Anmodning om bosetting,0.0
Drangedal,2011-01-01,Faktisk bosetting,0.0
Drangedal,2011-01-01,Vedtak om bosetting,0.0
Drangedal,2012-01-01,Anmodning om bosetting,15.0
Drangedal,2012-01-01,Faktisk bosetting,5.0
Drangedal,2012-01-01,Vedtak om bosetting,4.0
Drangedal,2013-01-01,Anmodning om bosetting,10.0
Drangedal,2013-01-01,Faktisk bosetting,12.0
Drangedal,2013-01-01,Vedtak om bosetting,5.0
Drangedal,2014-01-01,Anmodning om bosetting,15.0
Drangedal,2014-01-01,Faktisk bosetting,10.0
Drangedal,2014-01-01,Vedtak om bosetting,15.0
Drangedal,2015-01-01,Anmodning om bosetting,15.0
Drangedal,2015-01-01,Faktisk bosetting,23.0
Drangedal,2015-01-01,Vedtak om bosetting,24.0
Drangedal,2016-01-01,Anmodning om bosetting,30.0
Drangedal,2016-01-01,Faktisk bosetting,25.0
Drangedal,2016-01-01,Vedtak om bosetting,31.0
Drangedal,2017-01-01,Anmodning om bosetting,21.0
Drangedal,2017-01-01,Faktisk bosetting,19.0
Drangedal,2017-01-01,Vedtak om bosetting,21.0
Drangedal,2018-01-01,Anmodning om bosetting,10.0
Drangedal,2018-01-01,Faktisk bosetting,10.0
Drangedal,2018-01-01,Vedtak om bosetting,10.0
Drangedal,2019-01-01,Anmodning om bosetting,10.0
Drangedal,2019-01-01,Faktisk bosetting,9.0
Drangedal,2019-01-01,Vedtak om bosetting,10.0
Drangedal,2020-01-01,Anmodning om bosetting,10.0
Drangedal,2020-01-01,Faktisk bosetting,7.0
Drangedal,2020-01-01,Opprinnelig anmodning,10.0
Drangedal,2020-01-01,Vedtak om bosetting,10.0
Drangedal,2021-01-01,Anmodning om bosetting,10.0
Drangedal,2021-01-01,Faktisk bosetting,10.0
Drangedal,2021-01-01,Vedtak om bosetting,10.0
Drangedal,2022-01-01,Anmodning om bosetting,55.0
Drangedal,2022-01-01,Faktisk bosetting,55.0
Drangedal,2022-01-01,Vedtak om bosetting,55.0
Drangedal,2023-01-01,Faktisk bosetting,52.0
Drangedal,2024-01-01,Anmodning om bosetting,55.0
Drangedal,2024-01-01,Faktisk bosetting,31.0
Drangedal,2024-01-01,Vedtak om bosetting,30.0
Drangedal,2025-01-01,Anmodning om bosetting,15.0
Drangedal,2025-01-01,Faktisk bosetting,16.0
Drangedal,2025-01-01,Opprinnelig anmodning,20.0
Drangedal,2025-01-01,Vedtak om bosetting,20.0
Drangedal,2026-01-01,Anmodning om bosetting,26.0
Fyresdal,1995-01-01,Anmodning om bosetting,0.0
Fyresdal,1995-01-01,Faktisk bosetting,0.0
Fyresdal,1995-01-01,Vedtak om bosetting,0.0
Fyresdal,1996-01-01,Anmodning om bosetting,0.0
Fyresdal,1996-01-01,Faktisk bosetting,0.0
Fyresdal,1996-01-01,Vedtak om bosetting,0.0
Fyresdal,1997-01-01,Anmodning om bosetting,0.0
Fyresdal,1997-01-01,Faktisk bosetting,0.0
Fyresdal,1997-01-01,Vedtak om bosetting,0.0
Fyresdal,1998-01-01,Anmodning om bosetting,0.0
Fyresdal,1998-01-01,Faktisk bosetting,0.0
Fyresdal,1998-01-01,Vedtak om bosetting,0.0
Fyresdal,1999-01-01,Anmodning om bosetting,0.0
Fyresdal,1999-01-01,Faktisk bosetting,0.0
Fyresdal,1999-01-01,Vedtak om bosetting,0.0
Fyresdal,2000-01-01,Anmodning om bosetting,10.0
Fyresdal,2000-01-01,Faktisk bosetting,0.0
Fyresdal,2000-01-01,Vedtak om bosetting,0.0
Fyresdal,2001-01-01,Anmodning om bosetting,15.0
Fyresdal,2001-01-01,Faktisk bosetting,0.0
Fyresdal,2001-01-01,Vedtak om bosetting,0.0
Fyresdal,2002-01-01,Anmodning om bosetting,10.0
Fyresdal,2002-01-01,Faktisk bosetting,0.0
Fyresdal,2002-01-01,Vedtak om bosetting,10.0
Fyresdal,2003-01-01,Anmodning om bosetting,5.0
Fyresdal,2003-01-01,Faktisk bosetting,0.0
Fyresdal,2003-01-01,Vedtak om bosetting,0.0
Fyresdal,2004-01-01,Anmodning om bosetting,10.0
Fyresdal,2004-01-01,Faktisk bosetting,0.0
Fyresdal,2004-01-01,Vedtak om bosetting,0.0
Fyresdal,2005-01-01,Anmodning om bosetting,5.0
Fyresdal,2005-01-01,Faktisk bosetting,0.0
Fyresdal,2005-01-01,Vedtak om bosetting,10.0
Fyresdal,2006-01-01,Anmodning om bosetting,10.0
Fyresdal,2006-01-01,Faktisk bosetting,0.0
Fyresdal,2006-01-01,Vedtak om bosetting,0.0
Fyresdal,2007-01-01,Anmodning om bosetting,10.0
Fyresdal,2007-01-01,Faktisk bosetting,0.0
Fyresdal,2007-01-01,Vedtak om bosetting,10.0
Fyresdal,2008-01-01,Anmodning om bosetting,10.0
Fyresdal,2008-01-01,Faktisk bosetting,0.0
Fyresdal,2008-01-01,Vedtak om bosetting,0.0
Fyresdal,2009-01-01,Anmodning om bosetting,10.0
Fyresdal,2009-01-01,Faktisk bosetting,0.0
Fyresdal,2009-01-01,Vedtak om bosetting,10.0
Fyresdal,2010-01-01,Anmodning om bosetting,10.0
Fyresdal,2010-01-01,Faktisk bosetting,0.0
Fyresdal,2010-01-01,Vedtak om bosetting,10.0
Fyresdal,2011-01-01,Anmodning om bosetting,5.0
Fyresdal,2011-01-01,Faktisk bosetting,0.0
Fyresdal,2011-01-01,Vedtak om bosetting,5.0
Fyresdal,2012-01-01,Anmodning om bosetting,10.0
Fyresdal,2012-01-01,Faktisk bosetting,5.0
Fyresdal,2012-01-01,Vedtak om bosetting,10.0
Fyresdal,2013-01-01,Anmodning om bosetting,10.0
Fyresdal,2013-01-01,Faktisk bosetting,5.0
Fyresdal,2013-01-01,Vedtak om bosetting,10.0
Fyresdal,2014-01-01,Anmodning om bosetting,10.0
Fyresdal,2014-01-01,Faktisk bosetting,7.0
Fyresdal,2014-01-01,Vedtak om bosetting,10.0
Fyresdal,2015-01-01,Anmodning om bosetting,10.0
Fyresdal,2015-01-01,Faktisk bosetting,19.0
Fyresdal,2015-01-01,Vedtak om bosetting,10.0
Fyresdal,2016-01-01,Anmodning om bosetting,15.0
Fyresdal,2016-01-01,Faktisk bosetting,10.0
Fyresdal,2016-01-01,Vedtak om bosetting,10.0
Fyresdal,2017-01-01,Anmodning om bosetting,10.0
Fyresdal,2017-01-01,Faktisk bosetting,12.0
Fyresdal,2017-01-01,Vedtak om bosetting,10.0
Fyresdal,2018-01-01,Anmodning om bosetting,0.0
Fyresdal,2018-01-01,Faktisk bosetting,0.0
Fyresdal,2018-01-01,Vedtak om bosetting,0.0
Fyresdal,2019-01-01,Anmodning om bosetting,0.0
Fyresdal,2019-01-01,Faktisk bosetting,0.0
Fyresdal,2019-01-01,Vedtak om bosetting,0.0
Fyresdal,2020-01-01,Anmodning om bosetting,0.0
Fyresdal,2020-01-01,Faktisk bosetting,0.0
Fyresdal,2020-01-01,Opprinnelig anmodning,0.0
Fyresdal,2020-01-01,Vedtak om bosetting,0.0
Fyresdal,2021-01-01,Anmodning om bosetting,0.0
Fyresdal,2021-01-01,Faktisk bosetting,0.0
Fyresdal,2021-01-01,Vedtak om bosetting,0.0
Fyresdal,2022-01-01,Anmodning om bosetting,25.0
Fyresdal,2022-01-01,Faktisk bosetting,26.0
Fyresdal,2022-01-01,Vedtak om bosetting,25.0
Fyresdal,2023-01-01,Faktisk bosetting,32.0
Fyresdal,2024-01-01,Anmodning om bosetting,30.0
Fyresdal,2024-01-01,Faktisk bosetting,28.0
Fyresdal,2024-01-01,Vedtak om bosetting,30.0
Fyresdal,2025-01-01,Anmodning om bosetting,15.0
Fyresdal,2025-01-01,Faktisk bosetting,12.0
Fyresdal,2025-01-01,Opprinnelig anmodning,25.0
Fyresdal,2025-01-01,Vedtak om bosetting,20.0
Fyresdal,2026-01-01,Anmodning om bosetting,26.0
Hjartdal,1995-01-01,Anmodning om bosetting,0.0
Hjartdal,1995-01-01,Faktisk bosetting,0.0
Hjartdal,1995-01-01,Vedtak om bosetting,0.0
Hjartdal,1996-01-01,Anmodning om bosetting,0.0
Hjartdal,1996-01-01,Faktisk bosetting,0.0
Hjartdal,1996-01-01,Vedtak om bosetting,0.0
Hjartdal,1997-01-01,Anmodning om bosetting,0.0
Hjartdal,1997-01-01,Faktisk bosetting,0.0
Hjartdal,1997-01-01,Vedtak om bosetting,0.0
Hjartdal,1998-01-01,Anmodning om bosetting,0.0
Hjartdal,1998-01-01,Faktisk bosetting,0.0
Hjartdal,1998-01-01,Vedtak om bosetting,0.0
Hjartdal,1999-01-01,Anmodning om bosetting,25.0
Hjartdal,1999-01-01,Faktisk bosetting,0.0
Hjartdal,1999-01-01,Vedtak om bosetting,10.0
Hjartdal,2000-01-01,Anmodning om bosetting,15.0
Hjartdal,2000-01-01,Faktisk bosetting,0.0
Hjartdal,2000-01-01,Vedtak om bosetting,0.0
Hjartdal,2001-01-01,Anmodning om bosetting,15.0
Hjartdal,2001-01-01,Faktisk bosetting,0.0
Hjartdal,2001-01-01,Vedtak om bosetting,0.0
Hjartdal,2002-01-01,Anmodning om bosetting,10.0
Hjartdal,2002-01-01,Faktisk bosetting,0.0
Hjartdal,2002-01-01,Vedtak om bosetting,0.0
Hjartdal,2003-01-01,Anmodning om bosetting,10.0
Hjartdal,2003-01-01,Faktisk bosetting,0.0
Hjartdal,2003-01-01,Vedtak om bosetting,0.0
Hjartdal,2004-01-01,Anmodning om bosetting,0.0
Hjartdal,2004-01-01,Faktisk bosetting,0.0
Hjartdal,2004-01-01,Vedtak om bosetting,0.0
Hjartdal,2005-01-01,Anmodning om bosetting,0.0
Hjartdal,2005-01-01,Faktisk bosetting,0.0
Hjartdal,2005-01-01,Vedtak om bosetting,0.0
Hjartdal,2006-01-01,Anmodning om bosetting,0.0
Hjartdal,2006-01-01,Faktisk bosetting,0.0
Hjartdal,2006-01-01,Vedtak om bosetting,0.0
Hjartdal,2007-01-01,Anmodning om bosetting,0.0
Hjartdal,2007-01-01,Faktisk bosetting,0.0
Hjartdal,2007-01-01,Vedtak om bosetting,0.0
Hjartdal,2008-01-01,Anmodning om bosetting,0.0
Hjartdal,2008-01-01,Faktisk bosetting,0.0
Hjartdal,2008-01-01,Vedtak om bosetting,0.0
Hjartdal,2009-01-01,Anmodning om bosetting,0.0
Hjartdal,2009-01-01,Faktisk bosetting,0.0
Hjartdal,2009-01-01,Vedtak om bosetting,0.0
Hjartdal,2010-01-01,Anmodning om bosetting,0.0
Hjartdal,2010-01-01,Faktisk bosetting,0.0
Hjartdal,2010-01-01,Vedtak om bosetting,0.0
Hjartdal,2011-01-01,Anmodning om bosetting,0.0
Hjartdal,2011-01-01,Faktisk bosetting,0.0
Hjartdal,2011-01-01,Vedtak om bosetting,0.0
Hjartdal,2012-01-01,Anmodning om bosetting,0.0
Hjartdal,2012-01-01,Faktisk bosetting,0.0
Hjartdal,2012-01-01,Vedtak om bosetting,0.0
Hjartdal,2013-01-01,Anmodning om bosetting,10.0
Hjartdal,2013-01-01,Faktisk bosetting,7.0
Hjartdal,2013-01-01,Vedtak om bosetting,8.0
Hjartdal,2014-01-01,Anmodning om bosetting,10.0
Hjartdal,2014-01-01,Faktisk bosetting,9.0
Hjartdal,2014-01-01,Vedtak om bosetting,11.0
Hjartdal,2015-01-01,Anmodning om bosetting,10.0
Hjartdal,2015-01-01,Faktisk bosetting,18.0
Hjartdal,2015-01-01,Vedtak om bosetting,17.0
Hjartdal,2016-01-01,Anmodning om bosetting,15.0
Hjartdal,2016-01-01,Faktisk bosetting,6.0
Hjartdal,2016-01-01,Vedtak om bosetting,14.0
Hjartdal,2017-01-01,Anmodning om bosetting,10.0
Hjartdal,2017-01-01,Faktisk bosetting,24.0
Hjartdal,2017-01-01,Vedtak om bosetting,10.0
Hjartdal,2018-01-01,Anmodning om bosetting,0.0
Hjartdal,2018-01-01,Faktisk bosetting,6.0
Hjartdal,2018-01-01,Vedtak om bosetting,0.0
Hjartdal,2019-01-01,Anmodning om bosetting,0.0
Hjartdal,2019-01-01,Faktisk bosetting,0.0
Hjartdal,2019-01-01,Vedtak om bosetting,0.0
Hjartdal,2020-01-01,Anmodning om bosetting,0.0
Hjartdal,2020-01-01,Faktisk bosetting,0.0
Hjartdal,2020-01-01,Opprinnelig anmodning,0.0
Hjartdal,2020-01-01,Vedtak om bosetting,0.0
Hjartdal,2021-01-01,Anmodning om bosetting,0.0
Hjartdal,2021-01-01,Faktisk bosetting,0.0
Hjartdal,2021-01-01,Vedtak om bosetting,0.0
Hjartdal,2022-01-01,Anmodning om bosetting,40.0
Hjartdal,2022-01-01,Faktisk bosetting,38.0
Hjartdal,2022-01-01,Vedtak om bosetting,40.0
Hjartdal,2023-01-01,Faktisk bosetting,52.0
Hjartdal,2024-01-01,Anmodning om bosetting,55.0
Hjartdal,2024-01-01,Faktisk bosetting,32.0
Hjartdal,2024-01-01,Vedtak om bosetting,30.0
Hjartdal,2025-01-01,Anmodning om bosetting,18.0
Hjartdal,2025-01-01,Faktisk bosetting,19.0
Hjartdal,2025-01-01,Opprinnelig anmodning,20.0
Hjartdal,2025-01-01,Vedtak om bosetting,20.0
Hjartdal,2026-01-01,Anmodning om bosetting,23.0
Kragerø,1995-01-01,Anmodning om bosetting,20.0
Kragerø,1995-01-01,Faktisk bosetting,0.0
Kragerø,1995-01-01,Vedtak om bosetting,20.0
Kragerø,1996-01-01,Anmodning om bosetting,0.0
Kragerø,1996-01-01,Faktisk bosetting,0.0
Kragerø,1996-01-01,Vedtak om bosetting,0.0
Kragerø,1997-01-01,Anmodning om bosetting,10.0
Kragerø,1997-01-01,Faktisk bosetting,0.0
Kragerø,1997-01-01,Vedtak om bosetting,0.0
Kragerø,1998-01-01,Anmodning om bosetting,15.0
Kragerø,1998-01-01,Faktisk bosetting,0.0
Kragerø,1998-01-01,Vedtak om bosetting,0.0
Kragerø,1999-01-01,Anmodning om bosetting,15.0
Kragerø,1999-01-01,Faktisk bosetting,0.0
Kragerø,1999-01-01,Vedtak om bosetting,15.0
Kragerø,2000-01-01,Anmodning om bosetting,20.0
Kragerø,2000-01-01,Faktisk bosetting,0.0
Kragerø,2000-01-01,Vedtak om bosetting,20.0
Kragerø,2001-01-01,Anmodning om bosetting,45.0
Kragerø,2001-01-01,Faktisk bosetting,0.0
Kragerø,2001-01-01,Vedtak om bosetting,20.0
Kragerø,2002-01-01,Anmodning om bosetting,30.0
Kragerø,2002-01-01,Faktisk bosetting,0.0
Kragerø,2002-01-01,Vedtak om bosetting,20.0
Kragerø,2003-01-01,Anmodning om bosetting,35.0
Kragerø,2003-01-01,Faktisk bosetting,0.0
Kragerø,2003-01-01,Vedtak om bosetting,30.0
Kragerø,2004-01-01,Anmodning om bosetting,20.0
Kragerø,2004-01-01,Faktisk bosetting,0.0
Kragerø,2004-01-01,Vedtak om bosetting,20.0
Kragerø,2005-01-01,Anmodning om bosetting,20.0
Kragerø,2005-01-01,Faktisk bosetting,0.0
Kragerø,2005-01-01,Vedtak om bosetting,25.0
Kragerø,2006-01-01,Anmodning om bosetting,15.0
Kragerø,2006-01-01,Faktisk bosetting,0.0
Kragerø,2006-01-01,Vedtak om bosetting,15.0
Kragerø,2007-01-01,Anmodning om bosetting,25.0
Kragerø,2007-01-01,Faktisk bosetting,0.0
Kragerø,2007-01-01,Vedtak om bosetting,25.0
Kragerø,2008-01-01,Anmodning om bosetting,25.0
Kragerø,2008-01-01,Faktisk bosetting,0.0
Kragerø,2008-01-01,Vedtak om bosetting,25.0
Kragerø,2009-01-01,Anmodning om bosetting,35.0
Kragerø,2009-01-01,Faktisk bosetting,0.0
Kragerø,2009-01-01,Vedtak om bosetting,35.0
Kragerø,2010-01-01,Anmodning om bosetting,35.0
Kragerø,2010-01-01,Faktisk bosetting,0.0
Kragerø,2010-01-01,Vedtak om bosetting,35.0
Kragerø,2011-01-01,Anmodning om bosetting,20.0
Kragerø,2011-01-01,Faktisk bosetting,0.0
Kragerø,2011-01-01,Vedtak om bosetting,35.0
Kragerø,2012-01-01,Anmodning om bosetting,40.0
Kragerø,2012-01-01,Faktisk bosetting,37.0
Kragerø,2012-01-01,Vedtak om bosetting,40.0
Kragerø,2013-01-01,Anmodning om bosetting,45.0
Kragerø,2013-01-01,Faktisk bosetting,40.0
Kragerø,2013-01-01,Vedtak om bosetting,35.0
Kragerø,2014-01-01,Anmodning om bosetting,45.0
Kragerø,2014-01-01,Faktisk bosetting,37.0
Kragerø,2014-01-01,Vedtak om bosetting,35.0
Kragerø,2015-01-01,Anmodning om bosetting,50.0
Kragerø,2015-01-01,Faktisk bosetting,49.0
Kragerø,2015-01-01,Vedtak om bosetting,50.0
Kragerø,2016-01-01,Anmodning om bosetting,60.0
Kragerø,2016-01-01,Faktisk bosetting,47.0
Kragerø,2016-01-01,Vedtak om bosetting,60.0
Kragerø,2017-01-01,Anmodning om bosetting,45.0
Kragerø,2017-01-01,Faktisk bosetting,51.0
Kragerø,2017-01-01,Vedtak om bosetting,45.0
Kragerø,2018-01-01,Anmodning om bosetting,15.0
Kragerø,2018-01-01,Faktisk bosetting,16.0
Kragerø,2018-01-01,Vedtak om bosetting,15.0
Kragerø,2019-01-01,Anmodning om bosetting,20.0
Kragerø,2019-01-01,Faktisk bosetting,20.0
Kragerø,2019-01-01,Vedtak om bosetting,20.0
Kragerø,2020-01-01,Anmodning om bosetting,11.0
Kragerø,2020-01-01,Faktisk bosetting,10.0
Kragerø,2020-01-01,Opprinnelig anmodning,17.0
Kragerø,2020-01-01,Vedtak om bosetting,17.0
Kragerø,2021-01-01,Anmodning om bosetting,13.0
Kragerø,2021-01-01,Faktisk bosetting,16.0
Kragerø,2021-01-01,Vedtak om bosetting,13.0
Kragerø,2022-01-01,Anmodning om bosetting,85.0
Kragerø,2022-01-01,Faktisk bosetting,81.0
Kragerø,2022-01-01,Vedtak om bosetting,85.0
Kragerø,2023-01-01,Faktisk bosetting,93.0
Kragerø,2024-01-01,Anmodning om bosetting,90.0
Kragerø,2024-01-01,Faktisk bosetting,51.0
Kragerø,2024-01-01,Vedtak om bosetting,50.0
Kragerø,2025-01-01,Anmodning om bosetting,25.0
Kragerø,2025-01-01,Faktisk bosetting,24.0
Kragerø,2025-01-01,Opprinnelig anmodning,40.0
Kragerø,2025-01-01,Vedtak om bosetting,35.0
Kragerø,2026-01-01,Anmodning om bosetting,45.0
Kviteseid,1995-01-01,Anmodning om bosetting,0.0
Kviteseid,1995-01-01,Faktisk bosetting,0.0
Kviteseid,1995-01-01,Vedtak om bosetting,0.0
Kviteseid,1996-01-01,Anmodning om bosetting,0.0
Kviteseid,1996-01-01,Faktisk bosetting,0.0
Kviteseid,1996-01-01,Vedtak om bosetting,0.0
Kviteseid,1997-01-01,Anmodning om bosetting,0.0
Kviteseid,1997-01-01,Faktisk bosetting,0.0
Kviteseid,1997-01-01,Vedtak om bosetting,0.0
Kviteseid,1998-01-01,Anmodning om bosetting,0.0
Kviteseid,1998-01-01,Faktisk bosetting,0.0
Kviteseid,1998-01-01,Vedtak om bosetting,0.0
Kviteseid,1999-01-01,Anmodning om bosetting,25.0
Kviteseid,1999-01-01,Faktisk bosetting,0.0
Kviteseid,1999-01-01,Vedtak om bosetting,10.0
Kviteseid,2000-01-01,Anmodning om bosetting,15.0
Kviteseid,2000-01-01,Faktisk bosetting,0.0
Kviteseid,2000-01-01,Vedtak om bosetting,0.0
Kviteseid,2001-01-01,Anmodning om bosetting,20.0
Kviteseid,2001-01-01,Faktisk bosetting,0.0
Kviteseid,2001-01-01,Vedtak om bosetting,2.0
Kviteseid,2002-01-01,Anmodning om bosetting,10.0
Kviteseid,2002-01-01,Faktisk bosetting,0.0
Kviteseid,2002-01-01,Vedtak om bosetting,0.0
Kviteseid,2003-01-01,Anmodning om bosetting,10.0
Kviteseid,2003-01-01,Faktisk bosetting,0.0
Kviteseid,2003-01-01,Vedtak om bosetting,0.0
Kviteseid,2004-01-01,Anmodning om bosetting,0.0
Kviteseid,2004-01-01,Faktisk bosetting,0.0
Kviteseid,2004-01-01,Vedtak om bosetting,0.0
Kviteseid,2005-01-01,Anmodning om bosetting,0.0
Kviteseid,2005-01-01,Faktisk bosetting,0.0
Kviteseid,2005-01-01,Vedtak om bosetting,0.0
Kviteseid,2006-01-01,Anmodning om bosetting,0.0
Kviteseid,2006-01-01,Faktisk bosetting,0.0
Kviteseid,2006-01-01,Vedtak om bosetting,0.0
Kviteseid,2007-01-01,Anmodning om bosetting,0.0
Kviteseid,2007-01-01,Faktisk bosetting,0.0
Kviteseid,2007-01-01,Vedtak om bosetting,0.0
Kviteseid,2008-01-01,Anmodning om bosetting,0.0
Kviteseid,2008-01-01,Faktisk bosetting,0.0
Kviteseid,2008-01-01,Vedtak om bosetting,0.0
Kviteseid,2009-01-01,Anmodning om bosetting,0.0
Kviteseid,2009-01-01,Faktisk bosetting,0.0
Kviteseid,2009-01-01,Vedtak om bosetting,0.0
Kviteseid,2010-01-01,Anmodning om bosetting,0.0
Kviteseid,2010-01-01,Faktisk bosetting,0.0
Kviteseid,2010-01-01,Vedtak om bosetting,0.0
Kviteseid,2011-01-01,Anmodning om bosetting,0.0
Kviteseid,2011-01-01,Faktisk bosetting,0.0
Kviteseid,2011-01-01,Vedtak om bosetting,0.0
Kviteseid,2012-01-01,Anmodning om bosetting,0.0
Kviteseid,2012-01-01,Faktisk bosetting,0.0
Kviteseid,2012-01-01,Vedtak om bosetting,0.0
Kviteseid,2013-01-01,Anmodning om bosetting,0.0
Kviteseid,2013-01-01,Faktisk bosetting,0.0
Kviteseid,2013-01-01,Vedtak om bosetting,0.0
Kviteseid,2014-01-01,Anmodning om bosetting,10.0
Kviteseid,2014-01-01,Faktisk bosetting,0.0
Kviteseid,2014-01-01,Vedtak om bosetting,0.0
Kviteseid,2015-01-01,Anmodning om bosetting,10.0
Kviteseid,2015-01-01,Faktisk bosetting,0.0
Kviteseid,2015-01-01,Vedtak om bosetting,0.0
Kviteseid,2016-01-01,Anmodning om bosetting,20.0
Kviteseid,2016-01-01,Faktisk bosetting,10.0
Kviteseid,2016-01-01,Vedtak om bosetting,10.0
Kviteseid,2017-01-01,Anmodning om bosetting,10.0
Kviteseid,2017-01-01,Faktisk bosetting,7.0
Kviteseid,2017-01-01,Vedtak om bosetting,10.0
Kviteseid,2018-01-01,Anmodning om bosetting,0.0
Kviteseid,2018-01-01,Faktisk bosetting,0.0
Kviteseid,2018-01-01,Vedtak om bosetting,0.0
Kviteseid,2019-01-01,Anmodning om bosetting,0.0
Kviteseid,2019-01-01,Faktisk bosetting,0.0
Kviteseid,2019-01-01,Vedtak om bosetting,0.0
Kviteseid,2020-01-01,Anmodning om bosetting,0.0
Kviteseid,2020-01-01,Faktisk bosetting,0.0
Kviteseid,2020-01-01,Opprinnelig anmodning,0.0
Kviteseid,2020-01-01,Vedtak om bosetting,0.0
Kviteseid,2021-01-01,Anmodning om bosetting,0.0
Kviteseid,2021-01-01,Faktisk bosetting,0.0
Kviteseid,2021-01-01,Vedtak om bosetting,0.0
Kviteseid,2022-01-01,Anmodning om bosetting,25.0
Kviteseid,2022-01-01,Faktisk bosetting,23.0
Kviteseid,2022-01-01,Vedtak om bosetting,25.0
Kviteseid,2023-01-01,Faktisk bosetting,32.0
Kviteseid,2024-01-01,Anmodning om bosetting,30.0
Kviteseid,2024-01-01,Faktisk bosetting,28.0
Kviteseid,2024-01-01,Vedtak om bosetting,30.0
Kviteseid,2025-01-01,Anmodning om bosetting,0.0
Kviteseid,2025-01-01,Faktisk bosetting,0.0
Kviteseid,2025-01-01,Opprinnelig anmodning,0.0
Kviteseid,2026-01-01,Anmodning om bosetting,0.0
Midt-Telemark,1995-01-01,Anmodning om bosetting,35.0
Midt-Telemark,1995-01-01,Faktisk bosetting,0.0
Midt-Telemark,1995-01-01,Vedtak om bosetting,13.0
Midt-Telemark,1996-01-01,Anmodning om bosetting,0.0
Midt-Telemark,1996-01-01,Faktisk bosetting,0.0
Midt-Telemark,1996-01-01,Vedtak om bosetting,0.0
Midt-Telemark,1997-01-01,Anmodning om bosetting,0.0
Midt-Telemark,1997-01-01,Faktisk bosetting,0.0
Midt-Telemark,1997-01-01,Vedtak om bosetting,0.0
Midt-Telemark,1998-01-01,Anmodning om bosetting,10.0
Midt-Telemark,1998-01-01,Faktisk bosetting,0.0
Midt-Telemark,1998-01-01,Vedtak om bosetting,10.0
Midt-Telemark,1999-01-01,Anmodning om bosetting,55.0
Midt-Telemark,1999-01-01,Faktisk bosetting,0.0
Midt-Telemark,1999-01-01,Vedtak om bosetting,25.0
Midt-Telemark,2000-01-01,Anmodning om bosetting,30.0
Midt-Telemark,2000-01-01,Faktisk bosetting,0.0
Midt-Telemark,2000-01-01,Vedtak om bosetting,20.0
Midt-Telemark,2001-01-01,Anmodning om bosetting,50.0
Midt-Telemark,2001-01-01,Faktisk bosetting,0.0
Midt-Telemark,2001-01-01,Vedtak om bosetting,35.0
Midt-Telemark,2002-01-01,Anmodning om bosetting,30.0
Midt-Telemark,2002-01-01,Faktisk bosetting,0.0
Midt-Telemark,2002-01-01,Vedtak om bosetting,10.0
Midt-Telemark,2003-01-01,Anmodning om bosetting,35.0
Midt-Telemark,2003-01-01,Faktisk bosetting,0.0
Midt-Telemark,2003-01-01,Vedtak om bosetting,15.0
Midt-Telemark,2004-01-01,Anmodning om bosetting,20.0
Midt-Telemark,2004-01-01,Faktisk bosetting,0.0
Midt-Telemark,2004-01-01,Vedtak om bosetting,40.0
Midt-Telemark,2005-01-01,Anmodning om bosetting,20.0
Midt-Telemark,2005-01-01,Faktisk bosetting,0.0
Midt-Telemark,2005-01-01,Vedtak om bosetting,10.0
Midt-Telemark,2006-01-01,Anmodning om bosetting,20.0
Midt-Telemark,2006-01-01,Faktisk bosetting,0.0
Midt-Telemark,2006-01-01,Vedtak om bosetting,38.0
Midt-Telemark,2007-01-01,Anmodning om bosetting,25.0
Midt-Telemark,2007-01-01,Faktisk bosetting,0.0
Midt-Telemark,2007-01-01,Vedtak om bosetting,25.0
Midt-Telemark,2008-01-01,Anmodning om bosetting,25.0
Midt-Telemark,2008-01-01,Faktisk bosetting,0.0
Midt-Telemark,2008-01-01,Vedtak om bosetting,25.0
Midt-Telemark,2009-01-01,Anmodning om bosetting,40.0
Midt-Telemark,2009-01-01,Faktisk bosetting,0.0
Midt-Telemark,2009-01-01,Vedtak om bosetting,40.0
Midt-Telemark,2010-01-01,Anmodning om bosetting,50.0
Midt-Telemark,2010-01-01,Faktisk bosetting,0.0
Midt-Telemark,2010-01-01,Vedtak om bosetting,20.0
Midt-Telemark,2011-01-01,Anmodning om bosetting,30.0
Midt-Telemark,2011-01-01,Faktisk bosetting,0.0
Midt-Telemark,2011-01-01,Vedtak om bosetting,25.0
Midt-Telemark,2012-01-01,Anmodning om bosetting,50.0
Midt-Telemark,2012-01-01,Faktisk bosetting,29.0
Midt-Telemark,2012-01-01,Vedtak om bosetting,25.0
Midt-Telemark,2013-01-01,Anmodning om bosetting,40.0
Midt-Telemark,2013-01-01,Faktisk bosetting,31.0
Midt-Telemark,2013-01-01,Vedtak om bosetting,29.0
Midt-Telemark,2014-01-01,Anmodning om bosetting,45.0
Midt-Telemark,2014-01-01,Faktisk bosetting,36.0
Midt-Telemark,2014-01-01,Vedtak om bosetting,38.0
Midt-Telemark,2015-01-01,Anmodning om bosetting,52.0
Midt-Telemark,2015-01-01,Faktisk bosetting,62.0
Midt-Telemark,2015-01-01,Vedtak om bosetting,53.0
Midt-Telemark,2016-01-01,Anmodning om bosetting,65.0
Midt-Telemark,2016-01-01,Faktisk bosetting,59.0
Midt-Telemark,2016-01-01,Vedtak om bosetting,65.0
Midt-Telemark,2017-01-01,Anmodning om bosetting,50.0
Midt-Telemark,2017-01-01,Faktisk bosetting,52.0
Midt-Telemark,2017-01-01,Vedtak om bosetting,50.0
Midt-Telemark,2018-01-01,Anmodning om bosetting,20.0
Midt-Telemark,2018-01-01,Faktisk bosetting,21.0
Midt-Telemark,2018-01-01,Vedtak om bosetting,20.0
Midt-Telemark,2019-01-01,Anmodning om bosetting,25.0
Midt-Telemark,2019-01-01,Faktisk bosetting,25.0
Midt-Telemark,2019-01-01,Vedtak om bosetting,25.0
Midt-Telemark,2020-01-01,Anmodning om bosetting,13.0
Midt-Telemark,2020-01-01,Faktisk bosetting,14.0
Midt-Telemark,2020-01-01,Opprinnelig anmodning,20.0
Midt-Telemark,2020-01-01,Vedtak om bosetting,20.0
Midt-Telemark,2021-01-01,Anmodning om bosetting,16.0
Midt-Telemark,2021-01-01,Faktisk bosetting,16.0
Midt-Telemark,2021-01-01,Vedtak om bosetting,16.0
Midt-Telemark,2022-01-01,Anmodning om bosetting,100.0
Midt-Telemark,2022-01-01,Faktisk bosetting,98.0
Midt-Telemark,2022-01-01,Vedtak om bosetting,100.0
Midt-Telemark,2023-01-01,Faktisk bosetting,114.0
Midt-Telemark,2024-01-01,Anmodning om bosetting,75.0
Midt-Telemark,2024-01-01,Faktisk bosetting,78.0
Midt-Telemark,2024-01-01,Vedtak om bosetting,75.0
Midt-Telemark,2025-01-01,Anmodning om bosetting,18.0
Midt-Telemark,2025-01-01,Faktisk bosetting,19.0
Midt-Telemark,2025-01-01,Opprinnelig anmodning,45.0
Midt-Telemark,2025-01-01,Vedtak om bosetting,20.0
Midt-Telemark,2026-01-01,Anmodning om bosetting,45.0
Nissedal,1995-01-01,Anmodning om bosetting,0.0
Nissedal,1995-01-01,Faktisk bosetting,0.0
Nissedal,1995-01-01,Vedtak om bosetting,0.0
Nissedal,1996-01-01,Anmodning om bosetting,0.0
Nissedal,1996-01-01,Faktisk bosetting,0.0
Nissedal,1996-01-01,Vedtak om bosetting,0.0
Nissedal,1997-01-01,Anmodning om bosetting,0.0
Nissedal,1997-01-01,Faktisk bosetting,0.0
Nissedal,1997-01-01,Vedtak om bosetting,0.0
Nissedal,1998-01-01,Anmodning om bosetting,0.0
Nissedal,1998-01-01,Faktisk bosetting,0.0
Nissedal,1998-01-01,Vedtak om bosetting,0.0
Nissedal,1999-01-01,Anmodning om bosetting,0.0
Nissedal,1999-01-01,Faktisk bosetting,0.0
Nissedal,1999-01-01,Vedtak om bosetting,0.0
Nissedal,2000-01-01,Anmodning om bosetting,0.0
Nissedal,2000-01-01,Faktisk bosetting,0.0
Nissedal,2000-01-01,Vedtak om bosetting,0.0
Nissedal,2001-01-01,Anmodning om bosetting,15.0
Nissedal,2001-01-01,Faktisk bosetting,0.0
Nissedal,2001-01-01,Vedtak om bosetting,0.0
Nissedal,2002-01-01,Anmodning om bosetting,10.0
Nissedal,2002-01-01,Faktisk bosetting,0.0
Nissedal,2002-01-01,Vedtak om bosetting,10.0
Nissedal,2003-01-01,Anmodning om bosetting,5.0
Nissedal,2003-01-01,Faktisk bosetting,0.0
Nissedal,2003-01-01,Vedtak om bosetting,5.0
Nissedal,2004-01-01,Anmodning om bosetting,5.0
Nissedal,2004-01-01,Faktisk bosetting,0.0
Nissedal,2004-01-01,Vedtak om bosetting,0.0
Nissedal,2005-01-01,Anmodning om bosetting,5.0
Nissedal,2005-01-01,Faktisk bosetting,0.0
Nissedal,2005-01-01,Vedtak om bosetting,0.0
Nissedal,2006-01-01,Anmodning om bosetting,0.0
Nissedal,2006-01-01,Faktisk bosetting,0.0
Nissedal,2006-01-01,Vedtak om bosetting,0.0
Nissedal,2007-01-01,Anmodning om bosetting,0.0
Nissedal,2007-01-01,Faktisk bosetting,0.0
Nissedal,2007-01-01,Vedtak om bosetting,0.0
Nissedal,2008-01-01,Anmodning om bosetting,0.0
Nissedal,2008-01-01,Faktisk bosetting,0.0
Nissedal,2008-01-01,Vedtak om bosetting,0.0
Nissedal,2009-01-01,Anmodning om bosetting,0.0
Nissedal,2009-01-01,Faktisk bosetting,0.0
Nissedal,2009-01-01,Vedtak om bosetting,0.0
Nissedal,2010-01-01,Anmodning om bosetting,0.0
Nissedal,2010-01-01,Faktisk bosetting,0.0
Nissedal,2010-01-01,Vedtak om bosetting,0.0
Nissedal,2011-01-01,Anmodning om bosetting,0.0
Nissedal,2011-01-01,Faktisk bosetting,0.0
Nissedal,2011-01-01,Vedtak om bosetting,0.0
Nissedal,2012-01-01,Anmodning om bosetting,0.0
Nissedal,2012-01-01,Faktisk bosetting,0.0
Nissedal,2012-01-01,Vedtak om bosetting,0.0
Nissedal,2013-01-01,Anmodning om bosetting,0.0
Nissedal,2013-01-01,Faktisk bosetting,0.0
Nissedal,2013-01-01,Vedtak om bosetting,0.0
Nissedal,2014-01-01,Anmodning om bosetting,10.0
Nissedal,2014-01-01,Faktisk bosetting,0.0
Nissedal,2014-01-01,Vedtak om bosetting,0.0
Nissedal,2015-01-01,Anmodning om bosetting,10.0
Nissedal,2015-01-01,Faktisk bosetting,15.0
Nissedal,2015-01-01,Vedtak om bosetting,15.0
Nissedal,2016-01-01,Anmodning om bosetting,15.0
Nissedal,2016-01-01,Faktisk bosetting,18.0
Nissedal,2016-01-01,Vedtak om bosetting,15.0
Nissedal,2017-01-01,Anmodning om bosetting,10.0
Nissedal,2017-01-01,Faktisk bosetting,17.0
Nissedal,2017-01-01,Vedtak om bosetting,10.0
Nissedal,2018-01-01,Anmodning om bosetting,0.0
Nissedal,2018-01-01,Faktisk bosetting,0.0
Nissedal,2018-01-01,Vedtak om bosetting,0.0
Nissedal,2019-01-01,Anmodning om bosetting,0.0
Nissedal,2019-01-01,Faktisk bosetting,0.0
Nissedal,2019-01-01,Vedtak om bosetting,0.0
Nissedal,2020-01-01,Anmodning om bosetting,0.0
Nissedal,2020-01-01,Faktisk bosetting,0.0
Nissedal,2020-01-01,Opprinnelig anmodning,0.0
Nissedal,2020-01-01,Vedtak om bosetting,0.0
Nissedal,2021-01-01,Anmodning om bosetting,0.0
Nissedal,2021-01-01,Faktisk bosetting,0.0
Nissedal,2021-01-01,Vedtak om bosetting,0.0
Nissedal,2022-01-01,Anmodning om bosetting,30.0
Nissedal,2022-01-01,Faktisk bosetting,29.0
Nissedal,2022-01-01,Vedtak om bosetting,30.0
Nissedal,2023-01-01,Faktisk bosetting,21.0
Nissedal,2024-01-01,Anmodning om bosetting,30.0
Nissedal,2024-01-01,Faktisk bosetting,20.0
Nissedal,2024-01-01,Vedtak om bosetting,15.0
Nissedal,2025-01-01,Anmodning om bosetting,13.0
Nissedal,2025-01-01,Faktisk bosetting,13.0
Nissedal,2025-01-01,Opprinnelig anmodning,25.0
Nissedal,2025-01-01,Vedtak om bosetting,15.0
Nissedal,2026-01-01,Anmodning om bosetting,23.0
Nome,1995-01-01,Anmodning om bosetting,20.0
Nome,1995-01-01,Faktisk bosetting,0.0
Nome,1995-01-01,Vedtak om bosetting,20.0
Nome,1996-01-01,Anmodning om bosetting,0.0
Nome,1996-01-01,Faktisk bosetting,0.0
Nome,1996-01-01,Vedtak om bosetting,0.0
Nome,1997-01-01,Anmodning om bosetting,10.0
Nome,1997-01-01,Faktisk bosetting,0.0
Nome,1997-01-01,Vedtak om bosetting,10.0
Nome,1998-01-01,Anmodning om bosetting,10.0
Nome,1998-01-01,Faktisk bosetting,0.0
Nome,1998-01-01,Vedtak om bosetting,10.0
Nome,1999-01-01,Anmodning om bosetting,30.0
Nome,1999-01-01,Faktisk bosetting,0.0
Nome,1999-01-01,Vedtak om bosetting,15.0
Nome,2000-01-01,Anmodning om bosetting,0.0
Nome,2000-01-01,Faktisk bosetting,0.0
Nome,2000-01-01,Vedtak om bosetting,15.0
Nome,2001-01-01,Anmodning om bosetting,35.0
Nome,2001-01-01,Faktisk bosetting,0.0
Nome,2001-01-01,Vedtak om bosetting,35.0
Nome,2002-01-01,Anmodning om bosetting,25.0
Nome,2002-01-01,Faktisk bosetting,0.0
Nome,2002-01-01,Vedtak om bosetting,15.0
Nome,2003-01-01,Anmodning om bosetting,20.0
Nome,2003-01-01,Faktisk bosetting,0.0
Nome,2003-01-01,Vedtak om bosetting,15.0
Nome,2004-01-01,Anmodning om bosetting,15.0
Nome,2004-01-01,Faktisk bosetting,0.0
Nome,2004-01-01,Vedtak om bosetting,25.0
Nome,2005-01-01,Anmodning om bosetting,10.0
Nome,2005-01-01,Faktisk bosetting,0.0
Nome,2005-01-01,Vedtak om bosetting,25.0
Nome,2006-01-01,Anmodning om bosetting,10.0
Nome,2006-01-01,Faktisk bosetting,0.0
Nome,2006-01-01,Vedtak om bosetting,10.0
Nome,2007-01-01,Anmodning om bosetting,15.0
Nome,2007-01-01,Faktisk bosetting,0.0
Nome,2007-01-01,Vedtak om bosetting,10.0
Nome,2008-01-01,Anmodning om bosetting,10.0
Nome,2008-01-01,Faktisk bosetting,0.0
Nome,2008-01-01,Vedtak om bosetting,10.0
Nome,2009-01-01,Anmodning om bosetting,15.0
Nome,2009-01-01,Faktisk bosetting,0.0
Nome,2009-01-01,Vedtak om bosetting,10.0
Nome,2010-01-01,Anmodning om bosetting,25.0
Nome,2010-01-01,Faktisk bosetting,0.0
Nome,2010-01-01,Vedtak om bosetting,10.0
Nome,2011-01-01,Anmodning om bosetting,10.0
Nome,2011-01-01,Faktisk bosetting,0.0
Nome,2011-01-01,Vedtak om bosetting,10.0
Nome,2012-01-01,Anmodning om bosetting,20.0
Nome,2012-01-01,Faktisk bosetting,11.0
Nome,2012-01-01,Vedtak om bosetting,10.0
Nome,2013-01-01,Anmodning om bosetting,15.0
Nome,2013-01-01,Faktisk bosetting,10.0
Nome,2013-01-01,Vedtak om bosetting,10.0
Nome,2014-01-01,Anmodning om bosetting,20.0
Nome,2014-01-01,Faktisk bosetting,11.0
Nome,2014-01-01,Vedtak om bosetting,10.0
Nome,2015-01-01,Anmodning om bosetting,25.0
Nome,2015-01-01,Faktisk bosetting,24.0
Nome,2015-01-01,Vedtak om bosetting,25.0
Nome,2016-01-01,Anmodning om bosetting,35.0
Nome,2016-01-01,Faktisk bosetting,33.0
Nome,2016-01-01,Vedtak om bosetting,35.0
Nome,2017-01-01,Anmodning om bosetting,25.0
Nome,2017-01-01,Faktisk bosetting,29.0
Nome,2017-01-01,Vedtak om bosetting,25.0
Nome,2018-01-01,Anmodning om bosetting,10.0
Nome,2018-01-01,Faktisk bosetting,9.0
Nome,2018-01-01,Vedtak om bosetting,10.0
Nome,2019-01-01,Anmodning om bosetting,10.0
Nome,2019-01-01,Faktisk bosetting,9.0
Nome,2019-01-01,Vedtak om bosetting,10.0
Nome,2020-01-01,Anmodning om bosetting,10.0
Nome,2020-01-01,Faktisk bosetting,7.0
Nome,2020-01-01,Opprinnelig anmodning,10.0
Nome,2020-01-01,Vedtak om bosetting,10.0
Nome,2021-01-01,Anmodning om bosetting,10.0
Nome,2021-01-01,Faktisk bosetting,10.0
Nome,2021-01-01,Vedtak om bosetting,10.0
Nome,2022-01-01,Anmodning om bosetting,55.0
Nome,2022-01-01,Faktisk bosetting,55.0
Nome,2022-01-01,Vedtak om bosetting,55.0
Nome,2023-01-01,Faktisk bosetting,66.0
Nome,2024-01-01,Anmodning om bosetting,60.0
Nome,2024-01-01,Faktisk bosetting,32.0
Nome,2024-01-01,Vedtak om bosetting,30.0
Nome,2025-01-01,Anmodning om bosetting,0.0
Nome,2025-01-01,Faktisk bosetting,0.0
Nome,2025-01-01,Opprinnelig anmodning,15.0
Nome,2025-01-01,Vedtak om bosetting,0.0
Nome,2026-01-01,Anmodning om bosetting,0.0
Notodden,1995-01-01,Anmodning om bosetting,0.0
Notodden,1995-01-01,Faktisk bosetting,0.0
Notodden,1995-01-01,Vedtak om bosetting,4.0
Notodden,1996-01-01,Anmodning om bosetting,0.0
Notodden,1996-01-01,Faktisk bosetting,0.0
Notodden,1996-01-01,Vedtak om bosetting,0.0
Notodden,1997-01-01,Anmodning om bosetting,0.0
Notodden,1997-01-01,Faktisk bosetting,0.0
Notodden,1997-01-01,Vedtak om bosetting,0.0
Notodden,1998-01-01,Anmodning om bosetting,15.0
Notodden,1998-01-01,Faktisk bosetting,0.0
Notodden,1998-01-01,Vedtak om bosetting,0.0
Notodden,1999-01-01,Anmodning om bosetting,35.0
Notodden,1999-01-01,Faktisk bosetting,0.0
Notodden,1999-01-01,Vedtak om bosetting,7.0
Notodden,2000-01-01,Anmodning om bosetting,20.0
Notodden,2000-01-01,Faktisk bosetting,0.0
Notodden,2000-01-01,Vedtak om bosetting,20.0
Notodden,2001-01-01,Anmodning om bosetting,45.0
Notodden,2001-01-01,Faktisk bosetting,0.0
Notodden,2001-01-01,Vedtak om bosetting,20.0
Notodden,2002-01-01,Anmodning om bosetting,30.0
Notodden,2002-01-01,Faktisk bosetting,0.0
Notodden,2002-01-01,Vedtak om bosetting,23.0
Notodden,2003-01-01,Anmodning om bosetting,35.0
Notodden,2003-01-01,Faktisk bosetting,0.0
Notodden,2003-01-01,Vedtak om bosetting,3.0
Notodden,2004-01-01,Anmodning om bosetting,20.0
Notodden,2004-01-01,Faktisk bosetting,0.0
Notodden,2004-01-01,Vedtak om bosetting,12.0
Notodden,2005-01-01,Anmodning om bosetting,15.0
Notodden,2005-01-01,Faktisk bosetting,0.0
Notodden,2005-01-01,Vedtak om bosetting,15.0
Notodden,2006-01-01,Anmodning om bosetting,10.0
Notodden,2006-01-01,Faktisk bosetting,0.0
Notodden,2006-01-01,Vedtak om bosetting,10.0
Notodden,2007-01-01,Anmodning om bosetting,10.0
Notodden,2007-01-01,Faktisk bosetting,0.0
Notodden,2007-01-01,Vedtak om bosetting,10.0
Notodden,2008-01-01,Anmodning om bosetting,10.0
Notodden,2008-01-01,Faktisk bosetting,0.0
Notodden,2008-01-01,Vedtak om bosetting,10.0
Notodden,2009-01-01,Anmodning om bosetting,30.0
Notodden,2009-01-01,Faktisk bosetting,0.0
Notodden,2009-01-01,Vedtak om bosetting,15.0
Notodden,2010-01-01,Anmodning om bosetting,40.0
Notodden,2010-01-01,Faktisk bosetting,0.0
Notodden,2010-01-01,Vedtak om bosetting,25.0
Notodden,2011-01-01,Anmodning om bosetting,20.0
Notodden,2011-01-01,Faktisk bosetting,0.0
Notodden,2011-01-01,Vedtak om bosetting,10.0
Notodden,2012-01-01,Anmodning om bosetting,40.0
Notodden,2012-01-01,Faktisk bosetting,34.0
Notodden,2012-01-01,Vedtak om bosetting,30.0
Notodden,2013-01-01,Anmodning om bosetting,40.0
Notodden,2013-01-01,Faktisk bosetting,29.0
Notodden,2013-01-01,Vedtak om bosetting,32.0
Notodden,2014-01-01,Anmodning om bosetting,45.0
Notodden,2014-01-01,Faktisk bosetting,52.0
Notodden,2014-01-01,Vedtak om bosetting,45.0
Notodden,2015-01-01,Anmodning om bosetting,45.0
Notodden,2015-01-01,Faktisk bosetting,61.0
Notodden,2015-01-01,Vedtak om bosetting,60.0
Notodden,2016-01-01,Anmodning om bosetting,65.0
Notodden,2016-01-01,Faktisk bosetting,49.0
Notodden,2016-01-01,Vedtak om bosetting,60.0
Notodden,2017-01-01,Anmodning om bosetting,50.0
Notodden,2017-01-01,Faktisk bosetting,52.0
Notodden,2017-01-01,Vedtak om bosetting,50.0
Notodden,2018-01-01,Anmodning om bosetting,25.0
Notodden,2018-01-01,Faktisk bosetting,22.0
Notodden,2018-01-01,Vedtak om bosetting,25.0
Notodden,2019-01-01,Anmodning om bosetting,20.0
Notodden,2019-01-01,Faktisk bosetting,18.0
Notodden,2019-01-01,Vedtak om bosetting,20.0
Notodden,2020-01-01,Anmodning om bosetting,13.0
Notodden,2020-01-01,Faktisk bosetting,13.0
Notodden,2020-01-01,Opprinnelig anmodning,16.0
Notodden,2020-01-01,Vedtak om bosetting,16.0
Notodden,2021-01-01,Anmodning om bosetting,15.0
Notodden,2021-01-01,Faktisk bosetting,15.0
Notodden,2021-01-01,Vedtak om bosetting,15.0
Notodden,2022-01-01,Anmodning om bosetting,100.0
Notodden,2022-01-01,Faktisk bosetting,100.0
Notodden,2022-01-01,Vedtak om bosetting,100.0
Notodden,2023-01-01,Faktisk bosetting,119.0
Notodden,2024-01-01,Anmodning om bosetting,85.0
Notodden,2024-01-01,Faktisk bosetting,85.0
Notodden,2024-01-01,Vedtak om bosetting,85.0
Notodden,2025-01-01,Anmodning om bosetting,40.0
Notodden,2025-01-01,Faktisk bosetting,40.0
Notodden,2025-01-01,Opprinnelig anmodning,50.0
Notodden,2025-01-01,Vedtak om bosetting,50.0
Notodden,2026-01-01,Anmodning om bosetting,30.0
Porsgrunn,1995-01-01,Anmodning om bosetting,50.0
Porsgrunn,1995-01-01,Faktisk bosetting,0.0
Porsgrunn,1995-01-01,Vedtak om bosetting,26.0
Porsgrunn,1996-01-01,Anmodning om bosetting,0.0
Porsgrunn,1996-01-01,Faktisk bosetting,0.0
Porsgrunn,1996-01-01,Vedtak om bosetting,0.0
Porsgrunn,1997-01-01,Anmodning om bosetting,45.0
Porsgrunn,1997-01-01,Faktisk bosetting,0.0
Porsgrunn,1997-01-01,Vedtak om bosetting,40.0
Porsgrunn,1998-01-01,Anmodning om bosetting,40.0
Porsgrunn,1998-01-01,Faktisk bosetting,0.0
Porsgrunn,1998-01-01,Vedtak om bosetting,40.0
Porsgrunn,1999-01-01,Anmodning om bosetting,100.0
Porsgrunn,1999-01-01,Faktisk bosetting,0.0
Porsgrunn,1999-01-01,Vedtak om bosetting,25.0
Porsgrunn,2000-01-01,Anmodning om bosetting,50.0
Porsgrunn,2000-01-01,Faktisk bosetting,0.0
Porsgrunn,2000-01-01,Vedtak om bosetting,40.0
Porsgrunn,2001-01-01,Anmodning om bosetting,70.0
Porsgrunn,2001-01-01,Faktisk bosetting,0.0
Porsgrunn,2001-01-01,Vedtak om bosetting,40.0
Porsgrunn,2002-01-01,Anmodning om bosetting,85.0
Porsgrunn,2002-01-01,Faktisk bosetting,0.0
Porsgrunn,2002-01-01,Vedtak om bosetting,40.0
Porsgrunn,2003-01-01,Anmodning om bosetting,90.0
Porsgrunn,2003-01-01,Faktisk bosetting,0.0
Porsgrunn,2003-01-01,Vedtak om bosetting,40.0
Porsgrunn,2004-01-01,Anmodning om bosetting,60.0
Porsgrunn,2004-01-01,Faktisk bosetting,0.0
Porsgrunn,2004-01-01,Vedtak om bosetting,40.0
Porsgrunn,2005-01-01,Anmodning om bosetting,55.0
Porsgrunn,2005-01-01,Faktisk bosetting,0.0
Porsgrunn,2005-01-01,Vedtak om bosetting,40.0
Porsgrunn,2006-01-01,Anmodning om bosetting,35.0
Porsgrunn,2006-01-01,Faktisk bosetting,0.0
Porsgrunn,2006-01-01,Vedtak om bosetting,35.0
Porsgrunn,2007-01-01,Anmodning om bosetting,50.0
Porsgrunn,2007-01-01,Faktisk bosetting,0.0
Porsgrunn,2007-01-01,Vedtak om bosetting,35.0
Porsgrunn,2008-01-01,Anmodning om bosetting,50.0
Porsgrunn,2008-01-01,Faktisk bosetting,0.0
Porsgrunn,2008-01-01,Vedtak om bosetting,35.0
Porsgrunn,2009-01-01,Anmodning om bosetting,50.0
Porsgrunn,2009-01-01,Faktisk bosetting,0.0
Porsgrunn,2009-01-01,Vedtak om bosetting,50.0
Porsgrunn,2010-01-01,Anmodning om bosetting,90.0
Porsgrunn,2010-01-01,Faktisk bosetting,0.0
Porsgrunn,2010-01-01,Vedtak om bosetting,60.0
Porsgrunn,2011-01-01,Anmodning om bosetting,50.0
Porsgrunn,2011-01-01,Faktisk bosetting,0.0
Porsgrunn,2011-01-01,Vedtak om bosetting,50.0
Porsgrunn,2012-01-01,Anmodning om bosetting,70.0
Porsgrunn,2012-01-01,Faktisk bosetting,43.0
Porsgrunn,2012-01-01,Vedtak om bosetting,50.0
Porsgrunn,2013-01-01,Anmodning om bosetting,75.0
Porsgrunn,2013-01-01,Faktisk bosetting,47.0
Porsgrunn,2013-01-01,Vedtak om bosetting,55.0
Porsgrunn,2014-01-01,Anmodning om bosetting,85.0
Porsgrunn,2014-01-01,Faktisk bosetting,54.0
Porsgrunn,2014-01-01,Vedtak om bosetting,50.0
Porsgrunn,2015-01-01,Anmodning om bosetting,90.0
Porsgrunn,2015-01-01,Faktisk bosetting,60.0
Porsgrunn,2015-01-01,Vedtak om bosetting,50.0
Porsgrunn,2016-01-01,Anmodning om bosetting,110.0
Porsgrunn,2016-01-01,Faktisk bosetting,100.0
Porsgrunn,2016-01-01,Vedtak om bosetting,110.0
Porsgrunn,2017-01-01,Anmodning om bosetting,85.0
Porsgrunn,2017-01-01,Faktisk bosetting,73.0
Porsgrunn,2017-01-01,Vedtak om bosetting,90.0
Porsgrunn,2018-01-01,Anmodning om bosetting,50.0
Porsgrunn,2018-01-01,Faktisk bosetting,37.0
Porsgrunn,2018-01-01,Vedtak om bosetting,45.0
Porsgrunn,2019-01-01,Anmodning om bosetting,35.0
Porsgrunn,2019-01-01,Faktisk bosetting,32.0
Porsgrunn,2019-01-01,Vedtak om bosetting,35.0
Porsgrunn,2020-01-01,Anmodning om bosetting,20.0
Porsgrunn,2020-01-01,Faktisk bosetting,26.0
Porsgrunn,2020-01-01,Opprinnelig anmodning,30.0
Porsgrunn,2020-01-01,Vedtak om bosetting,30.0
Porsgrunn,2021-01-01,Anmodning om bosetting,24.0
Porsgrunn,2021-01-01,Faktisk bosetting,26.0
Porsgrunn,2021-01-01,Vedtak om bosetting,24.0
Porsgrunn,2022-01-01,Anmodning om bosetting,130.0
Porsgrunn,2022-01-01,Faktisk bosetting,122.0
Porsgrunn,2022-01-01,Vedtak om bosetting,130.0
Porsgrunn,2023-01-01,Faktisk bosetting,139.0
Porsgrunn,2024-01-01,Anmodning om bosetting,110.0
Porsgrunn,2024-01-01,Faktisk bosetting,111.0
Porsgrunn,2024-01-01,Vedtak om bosetting,110.0
Porsgrunn,2025-01-01,Anmodning om bosetting,70.0
Porsgrunn,2025-01-01,Faktisk bosetting,50.0
Porsgrunn,2025-01-01,Opprinnelig anmodning,110.0
Porsgrunn,2025-01-01,Vedtak om bosetting,80.0
Porsgrunn,2026-01-01,Anmodning om bosetting,91.0
Seljord,1995-01-01,Anmodning om bosetting,0.0
Seljord,1995-01-01,Faktisk bosetting,0.0
Seljord,1995-01-01,Vedtak om bosetting,15.0
Seljord,1996-01-01,Anmodning om bosetting,0.0
Seljord,1996-01-01,Faktisk bosetting,0.0
Seljord,1996-01-01,Vedtak om bosetting,0.0
Seljord,1997-01-01,Anmodning om bosetting,0.0
Seljord,1997-01-01,Faktisk bosetting,0.0
Seljord,1997-01-01,Vedtak om bosetting,0.0
Seljord,1998-01-01,Anmodning om bosetting,0.0
Seljord,1998-01-01,Faktisk bosetting,0.0
Seljord,1998-01-01,Vedtak om bosetting,0.0
Seljord,1999-01-01,Anmodning om bosetting,25.0
Seljord,1999-01-01,Faktisk bosetting,0.0
Seljord,1999-01-01,Vedtak om bosetting,15.0
Seljord,2000-01-01,Anmodning om bosetting,15.0
Seljord,2000-01-01,Faktisk bosetting,0.0
Seljord,2000-01-01,Vedtak om bosetting,0.0
Seljord,2001-01-01,Anmodning om bosetting,20.0
Seljord,2001-01-01,Faktisk bosetting,0.0
Seljord,2001-01-01,Vedtak om bosetting,7.0
Seljord,2002-01-01,Anmodning om bosetting,10.0
Seljord,2002-01-01,Faktisk bosetting,0.0
Seljord,2002-01-01,Vedtak om bosetting,10.0
Seljord,2003-01-01,Anmodning om bosetting,10.0
Seljord,2003-01-01,Faktisk bosetting,0.0
Seljord,2003-01-01,Vedtak om bosetting,10.0
Seljord,2004-01-01,Anmodning om bosetting,10.0
Seljord,2004-01-01,Faktisk bosetting,0.0
Seljord,2004-01-01,Vedtak om bosetting,0.0
Seljord,2005-01-01,Anmodning om bosetting,10.0
Seljord,2005-01-01,Faktisk bosetting,0.0
Seljord,2005-01-01,Vedtak om bosetting,10.0
Seljord,2006-01-01,Anmodning om bosetting,10.0
Seljord,2006-01-01,Faktisk bosetting,0.0
Seljord,2006-01-01,Vedtak om bosetting,10.0
Seljord,2007-01-01,Anmodning om bosetting,10.0
Seljord,2007-01-01,Faktisk bosetting,0.0
Seljord,2007-01-01,Vedtak om bosetting,6.0
Seljord,2008-01-01,Anmodning om bosetting,10.0
Seljord,2008-01-01,Faktisk bosetting,0.0
Seljord,2008-01-01,Vedtak om bosetting,10.0
Seljord,2009-01-01,Anmodning om bosetting,15.0
Seljord,2009-01-01,Faktisk bosetting,0.0
Seljord,2009-01-01,Vedtak om bosetting,15.0
Seljord,2010-01-01,Anmodning om bosetting,15.0
Seljord,2010-01-01,Faktisk bosetting,0.0
Seljord,2010-01-01,Vedtak om bosetting,10.0
Seljord,2011-01-01,Anmodning om bosetting,10.0
Seljord,2011-01-01,Faktisk bosetting,0.0
Seljord,2011-01-01,Vedtak om bosetting,0.0
Seljord,2012-01-01,Anmodning om bosetting,20.0
Seljord,2012-01-01,Faktisk bosetting,1.0
Seljord,2012-01-01,Vedtak om bosetting,8.0
Seljord,2013-01-01,Anmodning om bosetting,10.0
Seljord,2013-01-01,Faktisk bosetting,11.0
Seljord,2013-01-01,Vedtak om bosetting,10.0
Seljord,2014-01-01,Anmodning om bosetting,15.0
Seljord,2014-01-01,Faktisk bosetting,11.0
Seljord,2014-01-01,Vedtak om bosetting,17.0
Seljord,2015-01-01,Anmodning om bosetting,15.0
Seljord,2015-01-01,Faktisk bosetting,12.0
Seljord,2015-01-01,Vedtak om bosetting,12.0
Seljord,2016-01-01,Anmodning om bosetting,20.0
Seljord,2016-01-01,Faktisk bosetting,15.0
Seljord,2016-01-01,Vedtak om bosetting,16.0
Seljord,2017-01-01,Anmodning om bosetting,15.0
Seljord,2017-01-01,Faktisk bosetting,20.0
Seljord,2017-01-01,Vedtak om bosetting,15.0
Seljord,2018-01-01,Anmodning om bosetting,10.0
Seljord,2018-01-01,Faktisk bosetting,14.0
Seljord,2018-01-01,Vedtak om bosetting,10.0
Seljord,2019-01-01,Anmodning om bosetting,10.0
Seljord,2019-01-01,Faktisk bosetting,9.0
Seljord,2019-01-01,Vedtak om bosetting,10.0
Seljord,2020-01-01,Anmodning om bosetting,10.0
Seljord,2020-01-01,Faktisk bosetting,11.0
Seljord,2020-01-01,Opprinnelig anmodning,12.0
Seljord,2020-01-01,Vedtak om bosetting,12.0
Seljord,2021-01-01,Anmodning om bosetting,10.0
Seljord,2021-01-01,Faktisk bosetting,9.0
Seljord,2021-01-01,Vedtak om bosetting,10.0
Seljord,2022-01-01,Anmodning om bosetting,70.0
Seljord,2022-01-01,Faktisk bosetting,53.0
Seljord,2022-01-01,Vedtak om bosetting,70.0
Seljord,2023-01-01,Faktisk bosetting,39.0
Seljord,2024-01-01,Anmodning om bosetting,45.0
Seljord,2024-01-01,Faktisk bosetting,22.0
Seljord,2024-01-01,Vedtak om bosetting,20.0
Seljord,2025-01-01,Anmodning om bosetting,20.0
Seljord,2025-01-01,Faktisk bosetting,20.0
Seljord,2025-01-01,Opprinnelig anmodning,30.0
Seljord,2025-01-01,Vedtak om bosetting,20.0
Seljord,2026-01-01,Anmodning om bosetting,24.0
Siljan,1995-01-01,Anmodning om bosetting,20.0
Siljan,1995-01-01,Faktisk bosetting,0.0
Siljan,1995-01-01,Vedtak om bosetting,0.0
Siljan,1996-01-01,Anmodning om bosetting,0.0
Siljan,1996-01-01,Faktisk bosetting,0.0
Siljan,1996-01-01,Vedtak om bosetting,0.0
Siljan,1997-01-01,Anmodning om bosetting,0.0
Siljan,1997-01-01,Faktisk bosetting,0.0
Siljan,1997-01-01,Vedtak om bosetting,0.0
Siljan,1998-01-01,Anmodning om bosetting,0.0
Siljan,1998-01-01,Faktisk bosetting,0.0
Siljan,1998-01-01,Vedtak om bosetting,0.0
Siljan,1999-01-01,Anmodning om bosetting,10.0
Siljan,1999-01-01,Faktisk bosetting,0.0
Siljan,1999-01-01,Vedtak om bosetting,10.0
Siljan,2000-01-01,Anmodning om bosetting,10.0
Siljan,2000-01-01,Faktisk bosetting,0.0
Siljan,2000-01-01,Vedtak om bosetting,10.0
Siljan,2001-01-01,Anmodning om bosetting,20.0
Siljan,2001-01-01,Faktisk bosetting,0.0
Siljan,2001-01-01,Vedtak om bosetting,7.0
Siljan,2002-01-01,Anmodning om bosetting,10.0
Siljan,2002-01-01,Faktisk bosetting,0.0
Siljan,2002-01-01,Vedtak om bosetting,10.0
Siljan,2003-01-01,Anmodning om bosetting,10.0
Siljan,2003-01-01,Faktisk bosetting,0.0
Siljan,2003-01-01,Vedtak om bosetting,10.0
Siljan,2004-01-01,Anmodning om bosetting,10.0
Siljan,2004-01-01,Faktisk bosetting,0.0
Siljan,2004-01-01,Vedtak om bosetting,10.0
Siljan,2005-01-01,Anmodning om bosetting,5.0
Siljan,2005-01-01,Faktisk bosetting,0.0
Siljan,2005-01-01,Vedtak om bosetting,10.0
Siljan,2006-01-01,Anmodning om bosetting,10.0
Siljan,2006-01-01,Faktisk bosetting,0.0
Siljan,2006-01-01,Vedtak om bosetting,10.0
Siljan,2007-01-01,Anmodning om bosetting,10.0
Siljan,2007-01-01,Faktisk bosetting,0.0
Siljan,2007-01-01,Vedtak om bosetting,10.0
Siljan,2008-01-01,Anmodning om bosetting,10.0
Siljan,2008-01-01,Faktisk bosetting,0.0
Siljan,2008-01-01,Vedtak om bosetting,10.0
Siljan,2009-01-01,Anmodning om bosetting,15.0
Siljan,2009-01-01,Faktisk bosetting,0.0
Siljan,2009-01-01,Vedtak om bosetting,10.0
Siljan,2010-01-01,Anmodning om bosetting,15.0
Siljan,2010-01-01,Faktisk bosetting,0.0
Siljan,2010-01-01,Vedtak om bosetting,15.0
Siljan,2011-01-01,Anmodning om bosetting,5.0
Siljan,2011-01-01,Faktisk bosetting,0.0
Siljan,2011-01-01,Vedtak om bosetting,0.0
Siljan,2012-01-01,Anmodning om bosetting,15.0
Siljan,2012-01-01,Faktisk bosetting,15.0
Siljan,2012-01-01,Vedtak om bosetting,15.0
Siljan,2013-01-01,Anmodning om bosetting,15.0
Siljan,2013-01-01,Faktisk bosetting,11.0
Siljan,2013-01-01,Vedtak om bosetting,10.0
Siljan,2014-01-01,Anmodning om bosetting,15.0
Siljan,2014-01-01,Faktisk bosetting,11.0
Siljan,2014-01-01,Vedtak om bosetting,10.0
Siljan,2015-01-01,Anmodning om bosetting,10.0
Siljan,2015-01-01,Faktisk bosetting,10.0
Siljan,2015-01-01,Vedtak om bosetting,10.0
Siljan,2016-01-01,Anmodning om bosetting,25.0
Siljan,2016-01-01,Faktisk bosetting,18.0
Siljan,2016-01-01,Vedtak om bosetting,20.0
Siljan,2017-01-01,Anmodning om bosetting,10.0
Siljan,2017-01-01,Faktisk bosetting,12.0
Siljan,2017-01-01,Vedtak om bosetting,10.0
Siljan,2018-01-01,Anmodning om bosetting,0.0
Siljan,2018-01-01,Faktisk bosetting,0.0
Siljan,2018-01-01,Vedtak om bosetting,0.0
Siljan,2019-01-01,Anmodning om bosetting,0.0
Siljan,2019-01-01,Faktisk bosetting,0.0
Siljan,2019-01-01,Vedtak om bosetting,0.0
Siljan,2020-01-01,Anmodning om bosetting,0.0
Siljan,2020-01-01,Faktisk bosetting,0.0
Siljan,2020-01-01,Opprinnelig anmodning,0.0
Siljan,2020-01-01,Vedtak om bosetting,0.0
Siljan,2021-01-01,Anmodning om bosetting,0.0
Siljan,2021-01-01,Faktisk bosetting,0.0
Siljan,2021-01-01,Vedtak om bosetting,0.0
Siljan,2022-01-01,Anmodning om bosetting,15.0
Siljan,2022-01-01,Faktisk bosetting,15.0
Siljan,2022-01-01,Vedtak om bosetting,15.0
Siljan,2023-01-01,Faktisk bosetting,16.0
Siljan,2024-01-01,Anmodning om bosetting,30.0
Siljan,2024-01-01,Faktisk bosetting,10.0
Siljan,2024-01-01,Vedtak om bosetting,10.0
Siljan,2025-01-01,Anmodning om bosetting,10.0
Siljan,2025-01-01,Faktisk bosetting,0.0
Siljan,2025-01-01,Opprinnelig anmodning,15.0
Siljan,2025-01-01,Vedtak om bosetting,10.0
Siljan,2026-01-01,Anmodning om bosetting,0.0
Skien,1995-01-01,Anmodning om bosetting,54.0
Skien,1995-01-01,Faktisk bosetting,0.0
Skien,1995-01-01,Vedtak om bosetting,26.0
Skien,1996-01-01,Anmodning om bosetting,0.0
Skien,1996-01-01,Faktisk bosetting,0.0
Skien,1996-01-01,Vedtak om bosetting,0.0
Skien,1997-01-01,Anmodning om bosetting,45.0
Skien,1997-01-01,Faktisk bosetting,0.0
Skien,1997-01-01,Vedtak om bosetting,45.0
Skien,1998-01-01,Anmodning om bosetting,50.0
Skien,1998-01-01,Faktisk bosetting,0.0
Skien,1998-01-01,Vedtak om bosetting,50.0
Skien,1999-01-01,Anmodning om bosetting,130.0
Skien,1999-01-01,Faktisk bosetting,0.0
Skien,1999-01-01,Vedtak om bosetting,40.0
Skien,2000-01-01,Anmodning om bosetting,90.0
Skien,2000-01-01,Faktisk bosetting,0.0
Skien,2000-01-01,Vedtak om bosetting,40.0
Skien,2001-01-01,Anmodning om bosetting,80.0
Skien,2001-01-01,Faktisk bosetting,0.0
Skien,2001-01-01,Vedtak om bosetting,40.0
Skien,2002-01-01,Anmodning om bosetting,120.0
Skien,2002-01-01,Faktisk bosetting,0.0
Skien,2002-01-01,Vedtak om bosetting,60.0
Skien,2003-01-01,Anmodning om bosetting,130.0
Skien,2003-01-01,Faktisk bosetting,0.0
Skien,2003-01-01,Vedtak om bosetting,80.0
Skien,2004-01-01,Anmodning om bosetting,85.0
Skien,2004-01-01,Faktisk bosetting,0.0
Skien,2004-01-01,Vedtak om bosetting,85.0
Skien,2005-01-01,Anmodning om bosetting,85.0
Skien,2005-01-01,Faktisk bosetting,0.0
Skien,2005-01-01,Vedtak om bosetting,85.0
Skien,2006-01-01,Anmodning om bosetting,75.0
Skien,2006-01-01,Faktisk bosetting,0.0
Skien,2006-01-01,Vedtak om bosetting,85.0
Skien,2007-01-01,Anmodning om bosetting,95.0
Skien,2007-01-01,Faktisk bosetting,0.0
Skien,2007-01-01,Vedtak om bosetting,60.0
Skien,2008-01-01,Anmodning om bosetting,75.0
Skien,2008-01-01,Faktisk bosetting,0.0
Skien,2008-01-01,Vedtak om bosetting,75.0
Skien,2009-01-01,Anmodning om bosetting,120.0
Skien,2009-01-01,Faktisk bosetting,0.0
Skien,2009-01-01,Vedtak om bosetting,130.0
Skien,2010-01-01,Anmodning om bosetting,150.0
Skien,2010-01-01,Faktisk bosetting,0.0
Skien,2010-01-01,Vedtak om bosetting,150.0
Skien,2011-01-01,Anmodning om bosetting,80.0
Skien,2011-01-01,Faktisk bosetting,0.0
Skien,2011-01-01,Vedtak om bosetting,80.0
Skien,2012-01-01,Anmodning om bosetting,100.0
Skien,2012-01-01,Faktisk bosetting,95.0
Skien,2012-01-01,Vedtak om bosetting,90.0
Skien,2013-01-01,Anmodning om bosetting,110.0
Skien,2013-01-01,Faktisk bosetting,62.0
Skien,2013-01-01,Vedtak om bosetting,85.0
Skien,2014-01-01,Anmodning om bosetting,120.0
Skien,2014-01-01,Faktisk bosetting,88.0
Skien,2014-01-01,Vedtak om bosetting,68.0
Skien,2015-01-01,Anmodning om bosetting,120.0
Skien,2015-01-01,Faktisk bosetting,78.0
Skien,2015-01-01,Vedtak om bosetting,78.0
Skien,2016-01-01,Anmodning om bosetting,150.0
Skien,2016-01-01,Faktisk bosetting,130.0
Skien,2016-01-01,Vedtak om bosetting,142.0
Skien,2017-01-01,Anmodning om bosetting,112.0
Skien,2017-01-01,Faktisk bosetting,115.0
Skien,2017-01-01,Vedtak om bosetting,112.0
Skien,2018-01-01,Anmodning om bosetting,60.0
Skien,2018-01-01,Faktisk bosetting,55.0
Skien,2018-01-01,Vedtak om bosetting,60.0
Skien,2019-01-01,Anmodning om bosetting,50.0
Skien,2019-01-01,Faktisk bosetting,47.0
Skien,2019-01-01,Vedtak om bosetting,50.0
Skien,2020-01-01,Anmodning om bosetting,26.0
Skien,2020-01-01,Faktisk bosetting,27.0
Skien,2020-01-01,Opprinnelig anmodning,40.0
Skien,2020-01-01,Vedtak om bosetting,40.0
Skien,2021-01-01,Anmodning om bosetting,28.0
Skien,2021-01-01,Faktisk bosetting,29.0
Skien,2021-01-01,Vedtak om bosetting,28.0
Skien,2022-01-01,Anmodning om bosetting,180.0
Skien,2022-01-01,Faktisk bosetting,181.0
Skien,2022-01-01,Vedtak om bosetting,180.0
Skien,2023-01-01,Faktisk bosetting,145.0
Skien,2024-01-01,Anmodning om bosetting,145.0
Skien,2024-01-01,Faktisk bosetting,140.0
Skien,2024-01-01,Vedtak om bosetting,141.0
Skien,2025-01-01,Anmodning om bosetting,65.0
Skien,2025-01-01,Faktisk bosetting,57.0
Skien,2025-01-01,Opprinnelig anmodning,80.0
Skien,2025-01-01,Vedtak om bosetting,80.0
Skien,2026-01-01,Anmodning om bosetting,91.0
Tinn,1995-01-01,Anmodning om bosetting,10.0
Tinn,1995-01-01,Faktisk bosetting,0.0
Tinn,1995-01-01,Vedtak om bosetting,6.0
Tinn,1996-01-01,Anmodning om bosetting,0.0
Tinn,1996-01-01,Faktisk bosetting,0.0
Tinn,1996-01-01,Vedtak om bosetting,0.0
Tinn,1997-01-01,Anmodning om bosetting,0.0
Tinn,1997-01-01,Faktisk bosetting,0.0
Tinn,1997-01-01,Vedtak om bosetting,0.0
Tinn,1998-01-01,Anmodning om bosetting,10.0
Tinn,1998-01-01,Faktisk bosetting,0.0
Tinn,1998-01-01,Vedtak om bosetting,10.0
Tinn,1999-01-01,Anmodning om bosetting,30.0
Tinn,1999-01-01,Faktisk bosetting,0.0
Tinn,1999-01-01,Vedtak om bosetting,20.0
Tinn,2000-01-01,Anmodning om bosetting,15.0
Tinn,2000-01-01,Faktisk bosetting,0.0
Tinn,2000-01-01,Vedtak om bosetting,10.0
Tinn,2001-01-01,Anmodning om bosetting,35.0
Tinn,2001-01-01,Faktisk bosetting,0.0
Tinn,2001-01-01,Vedtak om bosetting,10.0
Tinn,2002-01-01,Anmodning om bosetting,15.0
Tinn,2002-01-01,Faktisk bosetting,0.0
Tinn,2002-01-01,Vedtak om bosetting,15.0
Tinn,2003-01-01,Anmodning om bosetting,20.0
Tinn,2003-01-01,Faktisk bosetting,0.0
Tinn,2003-01-01,Vedtak om bosetting,13.0
Tinn,2004-01-01,Anmodning om bosetting,10.0
Tinn,2004-01-01,Faktisk bosetting,0.0
Tinn,2004-01-01,Vedtak om bosetting,10.0
Tinn,2005-01-01,Anmodning om bosetting,10.0
Tinn,2005-01-01,Faktisk bosetting,0.0
Tinn,2005-01-01,Vedtak om bosetting,5.0
Tinn,2006-01-01,Anmodning om bosetting,10.0
Tinn,2006-01-01,Faktisk bosetting,0.0
Tinn,2006-01-01,Vedtak om bosetting,0.0
Tinn,2007-01-01,Anmodning om bosetting,10.0
Tinn,2007-01-01,Faktisk bosetting,0.0
Tinn,2007-01-01,Vedtak om bosetting,0.0
Tinn,2008-01-01,Anmodning om bosetting,15.0
Tinn,2008-01-01,Faktisk bosetting,0.0
Tinn,2008-01-01,Vedtak om bosetting,10.0
Tinn,2009-01-01,Anmodning om bosetting,20.0
Tinn,2009-01-01,Faktisk bosetting,0.0
Tinn,2009-01-01,Vedtak om bosetting,15.0
Tinn,2010-01-01,Anmodning om bosetting,25.0
Tinn,2010-01-01,Faktisk bosetting,0.0
Tinn,2010-01-01,Vedtak om bosetting,5.0
Tinn,2011-01-01,Anmodning om bosetting,15.0
Tinn,2011-01-01,Faktisk bosetting,0.0
Tinn,2011-01-01,Vedtak om bosetting,0.0
Tinn,2012-01-01,Anmodning om bosetting,20.0
Tinn,2012-01-01,Faktisk bosetting,16.0
Tinn,2012-01-01,Vedtak om bosetting,14.0
Tinn,2013-01-01,Anmodning om bosetting,20.0
Tinn,2013-01-01,Faktisk bosetting,22.0
Tinn,2013-01-01,Vedtak om bosetting,10.0
Tinn,2014-01-01,Anmodning om bosetting,25.0
Tinn,2014-01-01,Faktisk bosetting,16.0
Tinn,2014-01-01,Vedtak om bosetting,13.0
Tinn,2015-01-01,Anmodning om bosetting,20.0
Tinn,2015-01-01,Faktisk bosetting,29.0
Tinn,2015-01-01,Vedtak om bosetting,15.0
Tinn,2016-01-01,Anmodning om bosetting,35.0
Tinn,2016-01-01,Faktisk bosetting,24.0
Tinn,2016-01-01,Vedtak om bosetting,20.0
Tinn,2017-01-01,Anmodning om bosetting,20.0
Tinn,2017-01-01,Faktisk bosetting,22.0
Tinn,2017-01-01,Vedtak om bosetting,20.0
Tinn,2018-01-01,Anmodning om bosetting,10.0
Tinn,2018-01-01,Faktisk bosetting,7.0
Tinn,2018-01-01,Vedtak om bosetting,10.0
Tinn,2019-01-01,Anmodning om bosetting,14.0
Tinn,2019-01-01,Faktisk bosetting,10.0
Tinn,2019-01-01,Vedtak om bosetting,14.0
Tinn,2020-01-01,Anmodning om bosetting,10.0
Tinn,2020-01-01,Faktisk bosetting,8.0
Tinn,2020-01-01,Opprinnelig anmodning,12.0
Tinn,2020-01-01,Vedtak om bosetting,0.0
Tinn,2021-01-01,Anmodning om bosetting,10.0
Tinn,2021-01-01,Faktisk bosetting,13.0
Tinn,2021-01-01,Vedtak om bosetting,10.0
Tinn,2022-01-01,Anmodning om bosetting,55.0
Tinn,2022-01-01,Faktisk bosetting,54.0
Tinn,2022-01-01,Vedtak om bosetting,55.0
Tinn,2023-01-01,Faktisk bosetting,29.0
Tinn,2024-01-01,Anmodning om bosetting,35.0
Tinn,2024-01-01,Faktisk bosetting,35.0
Tinn,2024-01-01,Vedtak om bosetting,35.0
Tinn,2025-01-01,Anmodning om bosetting,35.0
Tinn,2025-01-01,Faktisk bosetting,28.0
Tinn,2025-01-01,Opprinnelig anmodning,40.0
Tinn,2025-01-01,Vedtak om bosetting,40.0
Tinn,2026-01-01,Anmodning om bosetting,52.0
Tokke,1995-01-01,Anmodning om bosetting,0.0
Tokke,1995-01-01,Faktisk bosetting,0.0
Tokke,1995-01-01,Vedtak om bosetting,20.0
Tokke,1996-01-01,Anmodning om bosetting,0.0
Tokke,1996-01-01,Faktisk bosetting,0.0
Tokke,1996-01-01,Vedtak om bosetting,0.0
Tokke,1997-01-01,Anmodning om bosetting,0.0
Tokke,1997-01-01,Faktisk bosetting,0.0
Tokke,1997-01-01,Vedtak om bosetting,0.0
Tokke,1998-01-01,Anmodning om bosetting,10.0
Tokke,1998-01-01,Faktisk bosetting,0.0
Tokke,1998-01-01,Vedtak om bosetting,0.0
Tokke,1999-01-01,Anmodning om bosetting,25.0
Tokke,1999-01-01,Faktisk bosetting,0.0
Tokke,1999-01-01,Vedtak om bosetting,0.0
Tokke,2000-01-01,Anmodning om bosetting,15.0
Tokke,2000-01-01,Faktisk bosetting,0.0
Tokke,2000-01-01,Vedtak om bosetting,10.0
Tokke,2001-01-01,Anmodning om bosetting,20.0
Tokke,2001-01-01,Faktisk bosetting,0.0
Tokke,2001-01-01,Vedtak om bosetting,0.0
Tokke,2002-01-01,Anmodning om bosetting,0.0
Tokke,2002-01-01,Faktisk bosetting,0.0
Tokke,2002-01-01,Vedtak om bosetting,0.0
Tokke,2003-01-01,Anmodning om bosetting,10.0
Tokke,2003-01-01,Faktisk bosetting,0.0
Tokke,2003-01-01,Vedtak om bosetting,10.0
Tokke,2004-01-01,Anmodning om bosetting,5.0
Tokke,2004-01-01,Faktisk bosetting,0.0
Tokke,2004-01-01,Vedtak om bosetting,9.0
Tokke,2005-01-01,Anmodning om bosetting,5.0
Tokke,2005-01-01,Faktisk bosetting,0.0
Tokke,2005-01-01,Vedtak om bosetting,0.0
Tokke,2006-01-01,Anmodning om bosetting,0.0
Tokke,2006-01-01,Faktisk bosetting,0.0
Tokke,2006-01-01,Vedtak om bosetting,0.0
Tokke,2007-01-01,Anmodning om bosetting,0.0
Tokke,2007-01-01,Faktisk bosetting,0.0
Tokke,2007-01-01,Vedtak om bosetting,0.0
Tokke,2008-01-01,Anmodning om bosetting,0.0
Tokke,2008-01-01,Faktisk bosetting,0.0
Tokke,2008-01-01,Vedtak om bosetting,0.0
Tokke,2009-01-01,Anmodning om bosetting,0.0
Tokke,2009-01-01,Faktisk bosetting,0.0
Tokke,2009-01-01,Vedtak om bosetting,0.0
Tokke,2010-01-01,Anmodning om bosetting,0.0
Tokke,2010-01-01,Faktisk bosetting,0.0
Tokke,2010-01-01,Vedtak om bosetting,0.0
Tokke,2011-01-01,Anmodning om bosetting,0.0
Tokke,2011-01-01,Faktisk bosetting,0.0
Tokke,2011-01-01,Vedtak om bosetting,0.0
Tokke,2012-01-01,Anmodning om bosetting,0.0
Tokke,2012-01-01,Faktisk bosetting,0.0
Tokke,2012-01-01,Vedtak om bosetting,0.0
Tokke,2013-01-01,Anmodning om bosetting,0.0
Tokke,2013-01-01,Faktisk bosetting,0.0
Tokke,2013-01-01,Vedtak om bosetting,0.0
Tokke,2014-01-01,Anmodning om bosetting,10.0
Tokke,2014-01-01,Faktisk bosetting,0.0
Tokke,2014-01-01,Vedtak om bosetting,4.0
Tokke,2015-01-01,Anmodning om bosetting,10.0
Tokke,2015-01-01,Faktisk bosetting,15.0
Tokke,2015-01-01,Vedtak om bosetting,14.0
Tokke,2016-01-01,Anmodning om bosetting,15.0
Tokke,2016-01-01,Faktisk bosetting,13.0
Tokke,2016-01-01,Vedtak om bosetting,15.0
Tokke,2017-01-01,Anmodning om bosetting,12.0
Tokke,2017-01-01,Faktisk bosetting,13.0
Tokke,2017-01-01,Vedtak om bosetting,12.0
Tokke,2018-01-01,Anmodning om bosetting,0.0
Tokke,2018-01-01,Faktisk bosetting,0.0
Tokke,2018-01-01,Vedtak om bosetting,0.0
Tokke,2019-01-01,Anmodning om bosetting,0.0
Tokke,2019-01-01,Faktisk bosetting,0.0
Tokke,2019-01-01,Vedtak om bosetting,0.0
Tokke,2020-01-01,Anmodning om bosetting,0.0
Tokke,2020-01-01,Faktisk bosetting,0.0
Tokke,2020-01-01,Opprinnelig anmodning,0.0
Tokke,2020-01-01,Vedtak om bosetting,0.0
Tokke,2021-01-01,Anmodning om bosetting,0.0
Tokke,2021-01-01,Faktisk bosetting,0.0
Tokke,2021-01-01,Vedtak om bosetting,0.0
Tokke,2022-01-01,Anmodning om bosetting,55.0
Tokke,2022-01-01,Faktisk bosetting,52.0
Tokke,2022-01-01,Vedtak om bosetting,55.0
Tokke,2023-01-01,Faktisk bosetting,35.0
Tokke,2024-01-01,Anmodning om bosetting,40.0
Tokke,2024-01-01,Faktisk bosetting,16.0
Tokke,2024-01-01,Vedtak om bosetting,30.0
Tokke,2025-01-01,Anmodning om bosetting,13.0
Tokke,2025-01-01,Faktisk bosetting,12.0
Tokke,2025-01-01,Opprinnelig anmodning,20.0
Tokke,2025-01-01,Vedtak om bosetting,15.0
Tokke,2026-01-01,Anmodning om bosetting,13.0
Vinje,1995-01-01,Anmodning om bosetting,0.0
Vinje,1995-01-01,Faktisk bosetting,0.0
Vinje,1995-01-01,Vedtak om bosetting,0.0
Vinje,1996-01-01,Anmodning om bosetting,0.0
Vinje,1996-01-01,Faktisk bosetting,0.0
Vinje,1996-01-01,Vedtak om bosetting,0.0
Vinje,1997-01-01,Anmodning om bosetting,0.0
Vinje,1997-01-01,Faktisk bosetting,0.0
Vinje,1997-01-01,Vedtak om bosetting,0.0
Vinje,1998-01-01,Anmodning om bosetting,0.0
Vinje,1998-01-01,Faktisk bosetting,0.0
Vinje,1998-01-01,Vedtak om bosetting,0.0
Vinje,1999-01-01,Anmodning om bosetting,25.0
Vinje,1999-01-01,Faktisk bosetting,0.0
Vinje,1999-01-01,Vedtak om bosetting,0.0
Vinje,2000-01-01,Anmodning om bosetting,15.0
Vinje,2000-01-01,Faktisk bosetting,0.0
Vinje,2000-01-01,Vedtak om bosetting,0.0
Vinje,2001-01-01,Anmodning om bosetting,20.0
Vinje,2001-01-01,Faktisk bosetting,0.0
Vinje,2001-01-01,Vedtak om bosetting,0.0
Vinje,2002-01-01,Anmodning om bosetting,10.0
Vinje,2002-01-01,Faktisk bosetting,0.0
Vinje,2002-01-01,Vedtak om bosetting,0.0
Vinje,2003-01-01,Anmodning om bosetting,10.0
Vinje,2003-01-01,Faktisk bosetting,0.0
Vinje,2003-01-01,Vedtak om bosetting,10.0
Vinje,2004-01-01,Anmodning om bosetting,5.0
Vinje,2004-01-01,Faktisk bosetting,0.0
Vinje,2004-01-01,Vedtak om bosetting,0.0
Vinje,2005-01-01,Anmodning om bosetting,5.0
Vinje,2005-01-01,Faktisk bosetting,0.0
Vinje,2005-01-01,Vedtak om bosetting,0.0
Vinje,2006-01-01,Anmodning om bosetting,0.0
Vinje,2006-01-01,Faktisk bosetting,0.0
Vinje,2006-01-01,Vedtak om bosetting,0.0
Vinje,2007-01-01,Anmodning om bosetting,0.0
Vinje,2007-01-01,Faktisk bosetting,0.0
Vinje,2007-01-01,Vedtak om bosetting,0.0
Vinje,2008-01-01,Anmodning om bosetting,10.0
Vinje,2008-01-01,Faktisk bosetting,0.0
Vinje,2008-01-01,Vedtak om bosetting,0.0
Vinje,2009-01-01,Anmodning om bosetting,10.0
Vinje,2009-01-01,Faktisk bosetting,0.0
Vinje,2009-01-01,Vedtak om bosetting,10.0
Vinje,2010-01-01,Anmodning om bosetting,10.0
Vinje,2010-01-01,Faktisk bosetting,0.0
Vinje,2010-01-01,Vedtak om bosetting,0.0
Vinje,2011-01-01,Anmodning om bosetting,10.0
Vinje,2011-01-01,Faktisk bosetting,0.0
Vinje,2011-01-01,Vedtak om bosetting,0.0
Vinje,2012-01-01,Anmodning om bosetting,5.0
Vinje,2012-01-01,Faktisk bosetting,6.0
Vinje,2012-01-01,Vedtak om bosetting,10.0
Vinje,2013-01-01,Anmodning om bosetting,10.0
Vinje,2013-01-01,Faktisk bosetting,0.0
Vinje,2013-01-01,Vedtak om bosetting,10.0
Vinje,2014-01-01,Anmodning om bosetting,15.0
Vinje,2014-01-01,Faktisk bosetting,6.0
Vinje,2014-01-01,Vedtak om bosetting,7.0
Vinje,2015-01-01,Anmodning om bosetting,10.0
Vinje,2015-01-01,Faktisk bosetting,11.0
Vinje,2015-01-01,Vedtak om bosetting,12.0
Vinje,2016-01-01,Anmodning om bosetting,20.0
Vinje,2016-01-01,Faktisk bosetting,20.0
Vinje,2016-01-01,Vedtak om bosetting,20.0
Vinje,2017-01-01,Anmodning om bosetting,15.0
Vinje,2017-01-01,Faktisk bosetting,19.0
Vinje,2017-01-01,Vedtak om bosetting,15.0
Vinje,2018-01-01,Anmodning om bosetting,10.0
Vinje,2018-01-01,Faktisk bosetting,10.0
Vinje,2018-01-01,Vedtak om bosetting,10.0
Vinje,2019-01-01,Anmodning om bosetting,15.0
Vinje,2019-01-01,Faktisk bosetting,11.0
Vinje,2019-01-01,Vedtak om bosetting,15.0
Vinje,2020-01-01,Anmodning om bosetting,10.0
Vinje,2020-01-01,Faktisk bosetting,10.0
Vinje,2020-01-01,Opprinnelig anmodning,12.0
Vinje,2020-01-01,Vedtak om bosetting,12.0
Vinje,2021-01-01,Anmodning om bosetting,13.0
Vinje,2021-01-01,Faktisk bosetting,13.0
Vinje,2021-01-01,Vedtak om bosetting,13.0
Vinje,2022-01-01,Anmodning om bosetting,65.0
Vinje,2022-01-01,Faktisk bosetting,62.0
Vinje,2022-01-01,Vedtak om bosetting,65.0
Vinje,2023-01-01,Faktisk bosetting,59.0
Vinje,2024-01-01,Anmodning om bosetting,55.0
Vinje,2024-01-01,Faktisk bosetting,40.0
Vinje,2024-01-01,Vedtak om bosetting,40.0
Vinje,2025-01-01,Anmodning om bosetting,20.0
Vinje,2025-01-01,Faktisk bosetting,20.0
Vinje,2025-01-01,Opprinnelig anmodning,30.0
Vinje,2025-01-01,Vedtak om bosetting,30.0
Vinje,2026-01-01,Anmodning om bosetting,23.0
