Kommune,År,Utslippskilde,Utslipp
Porsgrunn,2009,Busser,1.17
Porsgrunn,2009,Busser,2657.35
Porsgrunn,2009,Busser,7.01
Porsgrunn,2009,Personbiler,192.82
Porsgrunn,2009,Personbiler,48407.74
Porsgrunn,2009,Personbiler,299.94
Porsgrunn,2009,Tunge kjøretøy,4.06
Porsgrunn,2009,Tunge kjøretøy,17549.23
Porsgrunn,2009,Tunge kjøretøy,45.18
Porsgrunn,2009,Varebiler,17.49
Porsgrunn,2009,Varebiler,10258.93
Porsgrunn,2009,Varebiler,62.49
Porsgrunn,2011,Busser,0.83
Porsgrunn,2011,Busser,2557.66
Porsgrunn,2011,Busser,9.02
Porsgrunn,2011,Personbiler,158.16
Porsgrunn,2011,Personbiler,46389.02
Porsgrunn,2011,Personbiler,294.54
Porsgrunn,2011,Tunge kjøretøy,3.33
Porsgrunn,2011,Tunge kjøretøy,18261.32
Porsgrunn,2011,Tunge kjøretøy,72.04
Porsgrunn,2011,Varebiler,13.95
Porsgrunn,2011,Varebiler,10554.53
Porsgrunn,2011,Varebiler,64.58
Porsgrunn,2013,Busser,0.5
Porsgrunn,2013,Busser,2459.79
Porsgrunn,2013,Busser,18.94
Porsgrunn,2013,Personbiler,136.61
Porsgrunn,2013,Personbiler,44883.78
Porsgrunn,2013,Personbiler,297.33
Porsgrunn,2013,Tunge kjøretøy,2.46
Porsgrunn,2013,Tunge kjøretøy,18732.82
Porsgrunn,2013,Tunge kjøretøy,114.42
Porsgrunn,2013,Varebiler,13.64
Porsgrunn,2013,Varebiler,10534.76
Porsgrunn,2013,Varebiler,67.35
Porsgrunn,2015,Busser,0.66
Porsgrunn,2015,Busser,2605.01
Porsgrunn,2015,Busser,16.33
Porsgrunn,2015,Personbiler,133.58
Porsgrunn,2015,Personbiler,43524.6
Porsgrunn,2015,Personbiler,314.64
Porsgrunn,2015,Tunge kjøretøy,2.19
Porsgrunn,2015,Tunge kjøretøy,19498.88
Porsgrunn,2015,Tunge kjøretøy,143.83
Porsgrunn,2015,Varebiler,16.53
Porsgrunn,2015,Varebiler,10399.43
Porsgrunn,2015,Varebiler,74.94
Porsgrunn,2016,Busser,0.43
Porsgrunn,2016,Busser,2536.44
Porsgrunn,2016,Busser,19.29
Porsgrunn,2016,Personbiler,133.86
Porsgrunn,2016,Personbiler,40670.74
Porsgrunn,2016,Personbiler,320.51
Porsgrunn,2016,Tunge kjøretøy,1.97
Porsgrunn,2016,Tunge kjøretøy,18999.04
Porsgrunn,2016,Tunge kjøretøy,163.24
Porsgrunn,2016,Varebiler,17.67
Porsgrunn,2016,Varebiler,9554.33
Porsgrunn,2016,Varebiler,77.99
Porsgrunn,2017,Busser,0.26
Porsgrunn,2017,Busser,2335.79
Porsgrunn,2017,Busser,24.61
Porsgrunn,2017,Personbiler,134.12
Porsgrunn,2017,Personbiler,37520.58
Porsgrunn,2017,Personbiler,322.34
Porsgrunn,2017,Tunge kjøretøy,1.73
Porsgrunn,2017,Tunge kjøretøy,17882.43
Porsgrunn,2017,Tunge kjøretøy,184.72
Porsgrunn,2017,Varebiler,19.74
Porsgrunn,2017,Varebiler,8588.81
Porsgrunn,2017,Varebiler,82.94
Porsgrunn,2018,Busser,0.28
Porsgrunn,2018,Busser,2498.88
Porsgrunn,2018,Busser,25.41
Porsgrunn,2018,Personbiler,132.29
Porsgrunn,2018,Personbiler,37368.34
Porsgrunn,2018,Personbiler,320.63
Porsgrunn,2018,Tunge kjøretøy,1.52
Porsgrunn,2018,Tunge kjøretøy,19337.18
Porsgrunn,2018,Tunge kjøretøy,201.42
Porsgrunn,2018,Varebiler,21.78
Porsgrunn,2018,Varebiler,8962.73
Porsgrunn,2018,Varebiler,88.05
Porsgrunn,2019,Busser,0.21
Porsgrunn,2019,Busser,2336.43
Porsgrunn,2019,Busser,30.28
Porsgrunn,2019,Personbiler,134.51
Porsgrunn,2019,Personbiler,35674.05
Porsgrunn,2019,Personbiler,322.91
Porsgrunn,2019,Tunge kjøretøy,1.36
Porsgrunn,2019,Tunge kjøretøy,18503.22
Porsgrunn,2019,Tunge kjøretøy,209.07
Porsgrunn,2019,Varebiler,25.35
Porsgrunn,2019,Varebiler,8760.71
Porsgrunn,2019,Varebiler,98.27
Porsgrunn,2020,Busser,0.21
Porsgrunn,2020,Busser,2230.74
Porsgrunn,2020,Busser,29.9
Porsgrunn,2020,Personbiler,121.92
Porsgrunn,2020,Personbiler,32817.08
Porsgrunn,2020,Personbiler,294.9
Porsgrunn,2020,Tunge kjøretøy,1.41
Porsgrunn,2020,Tunge kjøretøy,19325.52
Porsgrunn,2020,Tunge kjøretøy,219.37
Porsgrunn,2020,Varebiler,26.13
Porsgrunn,2020,Varebiler,8553.45
Porsgrunn,2020,Varebiler,99.15
Porsgrunn,2021,Busser,0.18
Porsgrunn,2021,Busser,2054.77
Porsgrunn,2021,Busser,28.22
Porsgrunn,2021,Personbiler,118.89
Porsgrunn,2021,Personbiler,30225.62
Porsgrunn,2021,Personbiler,282.73
Porsgrunn,2021,Tunge kjøretøy,1.51
Porsgrunn,2021,Tunge kjøretøy,20012.6
Porsgrunn,2021,Tunge kjøretøy,233.39
Porsgrunn,2021,Varebiler,27.59
Porsgrunn,2021,Varebiler,8874.17
Porsgrunn,2021,Varebiler,105.68
Porsgrunn,2022,Busser,0.19
Porsgrunn,2022,Busser,2260.19
Porsgrunn,2022,Busser,30.2
Porsgrunn,2022,Personbiler,115.23
Porsgrunn,2022,Personbiler,29415.16
Porsgrunn,2022,Personbiler,272.15
Porsgrunn,2022,Tunge kjøretøy,1.68
Porsgrunn,2022,Tunge kjøretøy,19945.22
Porsgrunn,2022,Tunge kjøretøy,234.81
Porsgrunn,2022,Varebiler,29.51
Porsgrunn,2022,Varebiler,9042.93
Porsgrunn,2022,Varebiler,112.05
Porsgrunn,2023,Busser,0.22
Porsgrunn,2023,Busser,2351.97
Porsgrunn,2023,Busser,30.82
Porsgrunn,2023,Personbiler,108.45
Porsgrunn,2023,Personbiler,26043.53
Porsgrunn,2023,Personbiler,254.23
Porsgrunn,2023,Tunge kjøretøy,2.06
Porsgrunn,2023,Tunge kjøretøy,19351.27
Porsgrunn,2023,Tunge kjøretøy,228.67
Porsgrunn,2023,Varebiler,30.32
Porsgrunn,2023,Varebiler,8892.64
Porsgrunn,2023,Varebiler,113.9
Skien,2009,Busser,1.64
Skien,2009,Busser,3795.12
Skien,2009,Busser,11.3
Skien,2009,Personbiler,175.42
Skien,2009,Personbiler,45149.62
Skien,2009,Personbiler,304.3
Skien,2009,Tunge kjøretøy,2.22
Skien,2009,Tunge kjøretøy,10454.33
Skien,2009,Tunge kjøretøy,28.24
Skien,2009,Varebiler,14.87
Skien,2009,Varebiler,9274.34
Skien,2009,Varebiler,62.02
Skien,2011,Busser,1.22
Skien,2011,Busser,3549.58
Skien,2011,Busser,14.42
Skien,2011,Personbiler,144.17
Skien,2011,Personbiler,43510.68
Skien,2011,Personbiler,300.28
Skien,2011,Tunge kjøretøy,1.89
Skien,2011,Tunge kjøretøy,10903.11
Skien,2011,Tunge kjøretøy,44.55
Skien,2011,Varebiler,12.31
Skien,2011,Varebiler,9397.84
Skien,2011,Varebiler,62.79
Skien,2013,Busser,0.68
Skien,2013,Busser,3418.49
Skien,2013,Busser,24.61
Skien,2013,Personbiler,126.63
Skien,2013,Personbiler,42217.91
Skien,2013,Personbiler,305.74
Skien,2013,Tunge kjøretøy,1.44
Skien,2013,Tunge kjøretøy,11195.6
Skien,2013,Tunge kjøretøy,67.01
Skien,2013,Varebiler,12.32
Skien,2013,Varebiler,9375.79
Skien,2013,Varebiler,65.6
Skien,2015,Busser,1.17
Skien,2015,Busser,3637.02
Skien,2015,Busser,22.9
Skien,2015,Personbiler,126.29
Skien,2015,Personbiler,41182.79
Skien,2015,Personbiler,327.09
Skien,2015,Tunge kjøretøy,1.27
Skien,2015,Tunge kjøretøy,11655.79
Skien,2015,Tunge kjøretøy,84.97
Skien,2015,Varebiler,15.23
Skien,2015,Varebiler,9221.72
Skien,2015,Varebiler,72.9
Skien,2016,Busser,0.64
Skien,2016,Busser,3332.29
Skien,2016,Busser,26.65
Skien,2016,Personbiler,127.35
Skien,2016,Personbiler,38586.37
Skien,2016,Personbiler,334.14
Skien,2016,Tunge kjøretøy,1.15
Skien,2016,Tunge kjøretøy,11352.99
Skien,2016,Tunge kjøretøy,98.04
Skien,2016,Varebiler,16.26
Skien,2016,Varebiler,8459.86
Skien,2016,Varebiler,76.18
Skien,2017,Busser,0.49
Skien,2017,Busser,3039.91
Skien,2017,Busser,33.72
Skien,2017,Personbiler,129.08
Skien,2017,Personbiler,35658.29
Skien,2017,Personbiler,339.72
Skien,2017,Tunge kjøretøy,1.03
Skien,2017,Tunge kjøretøy,10710.63
Skien,2017,Tunge kjøretøy,112.13
Skien,2017,Varebiler,18.04
Skien,2017,Varebiler,7669.33
Skien,2017,Varebiler,81.82
Skien,2018,Busser,0.55
Skien,2018,Busser,3352.92
Skien,2018,Busser,37.68
Skien,2018,Personbiler,129.28
Skien,2018,Personbiler,35662.42
Skien,2018,Personbiler,340.43
Skien,2018,Tunge kjøretøy,0.89
Skien,2018,Tunge kjøretøy,11598.84
Skien,2018,Tunge kjøretøy,124.08
Skien,2018,Varebiler,20.33
Skien,2018,Varebiler,7944.05
Skien,2018,Varebiler,86.66
Skien,2019,Busser,0.32
Skien,2019,Busser,3107.93
Skien,2019,Busser,44.91
Skien,2019,Personbiler,130.03
Skien,2019,Personbiler,33639.31
Skien,2019,Personbiler,339.1
Skien,2019,Tunge kjøretøy,0.82
Skien,2019,Tunge kjøretøy,11132.78
Skien,2019,Tunge kjøretøy,129.77
Skien,2019,Varebiler,23.91
Skien,2019,Varebiler,7767.1
Skien,2019,Varebiler,97.78
Skien,2020,Busser,0.26
Skien,2020,Busser,3004.68
Skien,2020,Busser,45.4
Skien,2020,Personbiler,118.3
Skien,2020,Personbiler,30472.74
Skien,2020,Personbiler,308.31
Skien,2020,Tunge kjøretøy,0.89
Skien,2020,Tunge kjøretøy,11616.94
Skien,2020,Tunge kjøretøy,135.68
Skien,2020,Varebiler,24.97
Skien,2020,Varebiler,7555.46
Skien,2020,Varebiler,99.29
Skien,2021,Busser,0.22
Skien,2021,Busser,2986.87
Skien,2021,Busser,46.13
Skien,2021,Personbiler,113.62
Skien,2021,Personbiler,28095.74
Skien,2021,Personbiler,294.26
Skien,2021,Tunge kjøretøy,1.01
Skien,2021,Tunge kjøretøy,11999.97
Skien,2021,Tunge kjøretøy,146.34
Skien,2021,Varebiler,25.98
Skien,2021,Varebiler,7813.64
Skien,2021,Varebiler,106.03
Skien,2022,Busser,0.21
Skien,2022,Busser,3082.98
Skien,2022,Busser,48.53
Skien,2022,Personbiler,110.24
Skien,2022,Personbiler,27242.7
Skien,2022,Personbiler,283.22
Skien,2022,Tunge kjøretøy,1.21
Skien,2022,Tunge kjøretøy,11927.23
Skien,2022,Tunge kjøretøy,146.68
Skien,2022,Varebiler,28.05
Skien,2022,Varebiler,7994.43
Skien,2022,Varebiler,113.55
Skien,2023,Busser,0.24
Skien,2023,Busser,3164.17
Skien,2023,Busser,49.64
Skien,2023,Personbiler,106.21
Skien,2023,Personbiler,24471.89
Skien,2023,Personbiler,270.41
Skien,2023,Tunge kjøretøy,1.42
Skien,2023,Tunge kjøretøy,11573.0
Skien,2023,Tunge kjøretøy,143.47
Skien,2023,Varebiler,29.05
Skien,2023,Varebiler,7945.48
Skien,2023,Varebiler,117.44
Notodden,2009,Busser,0.43
Notodden,2009,Busser,1179.96
Notodden,2009,Busser,3.02
Notodden,2009,Personbiler,48.09
Notodden,2009,Personbiler,13878.14
Notodden,2009,Personbiler,90.15
Notodden,2009,Tunge kjøretøy,1.27
Notodden,2009,Tunge kjøretøy,6932.8
Notodden,2009,Tunge kjøretøy,20.18
Notodden,2009,Varebiler,5.14
Notodden,2009,Varebiler,4103.04
Notodden,2009,Varebiler,24.9
Notodden,2011,Busser,0.35
Notodden,2011,Busser,1154.9
Notodden,2011,Busser,3.34
Notodden,2011,Personbiler,40.35
Notodden,2011,Personbiler,13382.5
Notodden,2011,Personbiler,91.15
Notodden,2011,Tunge kjøretøy,1.07
Notodden,2011,Tunge kjøretøy,7236.85
Notodden,2011,Tunge kjøretøy,33.85
Notodden,2011,Varebiler,4.03
Notodden,2011,Varebiler,4091.34
Notodden,2011,Varebiler,25.0
Notodden,2013,Busser,0.23
Notodden,2013,Busser,1114.17
Notodden,2013,Busser,4.7
Notodden,2013,Personbiler,36.09
Notodden,2013,Personbiler,13079.03
Notodden,2013,Personbiler,95.23
Notodden,2013,Tunge kjøretøy,0.89
Notodden,2013,Tunge kjøretøy,7439.44
Notodden,2013,Tunge kjøretøy,51.02
Notodden,2013,Varebiler,4.47
Notodden,2013,Varebiler,4057.8
Notodden,2013,Varebiler,25.94
Notodden,2015,Busser,0.22
Notodden,2015,Busser,1132.76
Notodden,2015,Busser,5.42
Notodden,2015,Personbiler,38.86
Notodden,2015,Personbiler,12821.99
Notodden,2015,Personbiler,106.9
Notodden,2015,Tunge kjøretøy,0.82
Notodden,2015,Tunge kjøretøy,7754.27
Notodden,2015,Tunge kjøretøy,61.03
Notodden,2015,Varebiler,6.09
Notodden,2015,Varebiler,4053.16
Notodden,2015,Varebiler,29.67
Notodden,2016,Busser,0.27
Notodden,2016,Busser,1109.0
Notodden,2016,Busser,6.01
Notodden,2016,Personbiler,40.47
Notodden,2016,Personbiler,12090.27
Notodden,2016,Personbiler,111.36
Notodden,2016,Tunge kjøretøy,0.72
Notodden,2016,Tunge kjøretøy,7561.23
Notodden,2016,Tunge kjøretøy,69.55
Notodden,2016,Varebiler,7.1
Notodden,2016,Varebiler,3805.15
Notodden,2016,Varebiler,31.93
Notodden,2017,Busser,0.31
Notodden,2017,Busser,1094.83
Notodden,2017,Busser,6.37
Notodden,2017,Personbiler,41.95
Notodden,2017,Personbiler,11170.73
Notodden,2017,Personbiler,113.62
Notodden,2017,Tunge kjøretøy,0.64
Notodden,2017,Tunge kjøretøy,7138.09
Notodden,2017,Tunge kjøretøy,79.88
Notodden,2017,Varebiler,8.73
Notodden,2017,Varebiler,3502.35
Notodden,2017,Varebiler,35.57
Notodden,2018,Busser,0.28
Notodden,2018,Busser,1139.3
Notodden,2018,Busser,8.04
Notodden,2018,Personbiler,43.86
Notodden,2018,Personbiler,11352.73
Notodden,2018,Personbiler,117.01
Notodden,2018,Tunge kjøretøy,0.54
Notodden,2018,Tunge kjøretøy,7702.46
Notodden,2018,Tunge kjøretøy,87.02
Notodden,2018,Varebiler,10.26
Notodden,2018,Varebiler,3733.56
Notodden,2018,Varebiler,39.14
Notodden,2019,Busser,0.14
Notodden,2019,Busser,1052.1
Notodden,2019,Busser,13.84
Notodden,2019,Personbiler,45.23
Notodden,2019,Personbiler,10692.6
Notodden,2019,Personbiler,118.14
Notodden,2019,Tunge kjøretøy,0.6
Notodden,2019,Tunge kjøretøy,7358.64
Notodden,2019,Tunge kjøretøy,92.32
Notodden,2019,Varebiler,11.53
Notodden,2019,Varebiler,3533.88
Notodden,2019,Varebiler,42.56
Notodden,2020,Busser,0.15
Notodden,2020,Busser,928.03
Notodden,2020,Busser,12.21
Notodden,2020,Personbiler,42.22
Notodden,2020,Personbiler,9819.01
Notodden,2020,Personbiler,108.1
Notodden,2020,Tunge kjøretøy,0.57
Notodden,2020,Tunge kjøretøy,7656.74
Notodden,2020,Tunge kjøretøy,96.2
Notodden,2020,Varebiler,12.23
Notodden,2020,Varebiler,3525.64
Notodden,2020,Varebiler,44.47
Notodden,2021,Busser,0.09
Notodden,2021,Busser,918.79
Notodden,2021,Busser,13.14
Notodden,2021,Personbiler,41.46
Notodden,2021,Personbiler,9386.95
Notodden,2021,Personbiler,105.85
Notodden,2021,Tunge kjøretøy,0.64
Notodden,2021,Tunge kjøretøy,7941.47
Notodden,2021,Tunge kjøretøy,103.37
Notodden,2021,Varebiler,12.6
Notodden,2021,Varebiler,3683.5
Notodden,2021,Varebiler,47.48
Notodden,2022,Busser,0.23
Notodden,2022,Busser,1108.02
Notodden,2022,Busser,11.27
Notodden,2022,Personbiler,41.23
Notodden,2022,Personbiler,9452.02
Notodden,2022,Personbiler,103.57
Notodden,2022,Tunge kjøretøy,0.63
Notodden,2022,Tunge kjøretøy,7918.75
Notodden,2022,Tunge kjøretøy,102.02
Notodden,2022,Varebiler,13.8
Notodden,2022,Varebiler,3949.09
Notodden,2022,Varebiler,52.48
Notodden,2023,Busser,0.24
Notodden,2023,Busser,1137.42
Notodden,2023,Busser,12.53
Notodden,2023,Personbiler,39.25
Notodden,2023,Personbiler,8614.34
Notodden,2023,Personbiler,98.18
Notodden,2023,Tunge kjøretøy,0.61
Notodden,2023,Tunge kjøretøy,7786.94
Notodden,2023,Tunge kjøretøy,102.04
Notodden,2023,Varebiler,14.57
Notodden,2023,Varebiler,3992.11
Notodden,2023,Varebiler,54.52
Siljan,2009,Busser,0.06
Siljan,2009,Busser,211.42
Siljan,2009,Busser,0.65
Siljan,2009,Personbiler,9.49
Siljan,2009,Personbiler,2483.1
Siljan,2009,Personbiler,15.75
Siljan,2009,Tunge kjøretøy,0.28
Siljan,2009,Tunge kjøretøy,1718.21
Siljan,2009,Tunge kjøretøy,4.36
Siljan,2009,Varebiler,0.87
Siljan,2009,Varebiler,549.11
Siljan,2009,Varebiler,3.44
Siljan,2011,Busser,0.05
Siljan,2011,Busser,200.7
Siljan,2011,Busser,0.87
Siljan,2011,Personbiler,7.85
Siljan,2011,Personbiler,2400.16
Siljan,2011,Personbiler,15.66
Siljan,2011,Tunge kjøretøy,0.23
Siljan,2011,Tunge kjøretøy,1788.03
Siljan,2011,Tunge kjøretøy,7.27
Siljan,2011,Varebiler,0.69
Siljan,2011,Varebiler,559.05
Siljan,2011,Varebiler,3.43
Siljan,2013,Busser,0.03
Siljan,2013,Busser,194.53
Siljan,2013,Busser,1.4
Siljan,2013,Personbiler,6.9
Siljan,2013,Personbiler,2337.27
Siljan,2013,Personbiler,16.09
Siljan,2013,Tunge kjøretøy,0.17
Siljan,2013,Tunge kjøretøy,1845.36
Siljan,2013,Tunge kjøretøy,10.4
Siljan,2013,Varebiler,0.66
Siljan,2013,Varebiler,551.16
Siljan,2013,Varebiler,3.53
Siljan,2015,Busser,0.07
Siljan,2015,Busser,219.3
Siljan,2015,Busser,1.12
Siljan,2015,Personbiler,6.96
Siljan,2015,Personbiler,2288.28
Siljan,2015,Personbiler,17.37
Siljan,2015,Tunge kjøretøy,0.14
Siljan,2015,Tunge kjøretøy,1928.93
Siljan,2015,Tunge kjøretøy,14.82
Siljan,2015,Varebiler,0.79
Siljan,2015,Varebiler,557.26
Siljan,2015,Varebiler,4.03
Siljan,2016,Busser,0.03
Siljan,2016,Busser,187.74
Siljan,2016,Busser,1.31
Siljan,2016,Personbiler,7.13
Siljan,2016,Personbiler,2155.36
Siljan,2016,Personbiler,17.97
Siljan,2016,Tunge kjøretøy,0.12
Siljan,2016,Tunge kjøretøy,1882.26
Siljan,2016,Tunge kjøretøy,17.12
Siljan,2016,Varebiler,0.83
Siljan,2016,Varebiler,515.59
Siljan,2016,Varebiler,4.2
Siljan,2017,Busser,0.02
Siljan,2017,Busser,168.03
Siljan,2017,Busser,1.58
Siljan,2017,Personbiler,7.32
Siljan,2017,Personbiler,1997.78
Siljan,2017,Personbiler,18.53
Siljan,2017,Tunge kjøretøy,0.11
Siljan,2017,Tunge kjøretøy,1773.71
Siljan,2017,Tunge kjøretøy,19.8
Siljan,2017,Varebiler,0.95
Siljan,2017,Varebiler,470.87
Siljan,2017,Varebiler,4.58
Siljan,2018,Busser,0.02
Siljan,2018,Busser,185.12
Siljan,2018,Busser,1.75
Siljan,2018,Personbiler,7.43
Siljan,2018,Personbiler,2018.34
Siljan,2018,Personbiler,18.88
Siljan,2018,Tunge kjøretøy,0.09
Siljan,2018,Tunge kjøretøy,1932.24
Siljan,2018,Tunge kjøretøy,21.55
Siljan,2018,Varebiler,1.08
Siljan,2018,Varebiler,483.1
Siljan,2018,Varebiler,4.84
Siljan,2019,Busser,0.02
Siljan,2019,Busser,174.13
Siljan,2019,Busser,2.01
Siljan,2019,Personbiler,7.58
Siljan,2019,Personbiler,1899.78
Siljan,2019,Personbiler,19.0
Siljan,2019,Tunge kjøretøy,0.08
Siljan,2019,Tunge kjøretøy,1857.63
Siljan,2019,Tunge kjøretøy,22.63
Siljan,2019,Varebiler,1.28
Siljan,2019,Varebiler,467.05
Siljan,2019,Varebiler,5.42
Siljan,2020,Busser,0.02
Siljan,2020,Busser,170.95
Siljan,2020,Busser,2.0
Siljan,2020,Personbiler,6.9
Siljan,2020,Personbiler,1727.14
Siljan,2020,Personbiler,17.53
Siljan,2020,Tunge kjøretøy,0.09
Siljan,2020,Tunge kjøretøy,1934.83
Siljan,2020,Tunge kjøretøy,23.49
Siljan,2020,Varebiler,1.44
Siljan,2020,Varebiler,471.11
Siljan,2020,Varebiler,5.77
Siljan,2021,Busser,0.01
Siljan,2021,Busser,177.11
Siljan,2021,Busser,2.66
Siljan,2021,Personbiler,6.79
Siljan,2021,Personbiler,1628.04
Siljan,2021,Personbiler,17.1
Siljan,2021,Tunge kjøretøy,0.11
Siljan,2021,Tunge kjøretøy,2003.38
Siljan,2021,Tunge kjøretøy,24.57
Siljan,2021,Varebiler,1.58
Siljan,2021,Varebiler,496.56
Siljan,2021,Varebiler,6.42
Siljan,2022,Busser,0.01
Siljan,2022,Busser,188.36
Siljan,2022,Busser,2.87
Siljan,2022,Personbiler,6.95
Siljan,2022,Personbiler,1650.44
Siljan,2022,Personbiler,17.26
Siljan,2022,Tunge kjøretøy,0.21
Siljan,2022,Tunge kjøretøy,1983.55
Siljan,2022,Tunge kjøretøy,24.19
Siljan,2022,Varebiler,1.73
Siljan,2022,Varebiler,525.55
Siljan,2022,Varebiler,7.04
Siljan,2023,Busser,0.01
Siljan,2023,Busser,192.42
Siljan,2023,Busser,2.93
Siljan,2023,Personbiler,6.68
Siljan,2023,Personbiler,1496.39
Siljan,2023,Personbiler,16.43
Siljan,2023,Tunge kjøretøy,0.32
Siljan,2023,Tunge kjøretøy,1908.67
Siljan,2023,Tunge kjøretøy,23.21
Siljan,2023,Varebiler,1.83
Siljan,2023,Varebiler,533.12
Siljan,2023,Varebiler,7.52
Bamble,2009,Busser,0.27
Bamble,2009,Busser,783.65
Bamble,2009,Busser,2.25
Bamble,2009,Personbiler,72.7
Bamble,2009,Personbiler,20298.7
Bamble,2009,Personbiler,114.74
Bamble,2009,Tunge kjøretøy,2.87
Bamble,2009,Tunge kjøretøy,11845.13
Bamble,2009,Tunge kjøretøy,33.53
Bamble,2009,Varebiler,7.14
Bamble,2009,Varebiler,4524.53
Bamble,2009,Varebiler,25.35
Bamble,2011,Busser,0.19
Bamble,2011,Busser,760.37
Bamble,2011,Busser,2.81
Bamble,2011,Personbiler,59.95
Bamble,2011,Personbiler,19541.8
Bamble,2011,Personbiler,113.78
Bamble,2011,Tunge kjøretøy,2.45
Bamble,2011,Tunge kjøretøy,12256.74
Bamble,2011,Tunge kjøretøy,51.55
Bamble,2011,Varebiler,5.45
Bamble,2011,Varebiler,4482.7
Bamble,2011,Varebiler,24.74
Bamble,2013,Busser,0.12
Bamble,2013,Busser,736.31
Bamble,2013,Busser,5.72
Bamble,2013,Personbiler,51.83
Bamble,2013,Personbiler,18855.1
Bamble,2013,Personbiler,114.94
Bamble,2013,Tunge kjøretøy,1.41
Bamble,2013,Tunge kjøretøy,12671.72
Bamble,2013,Tunge kjøretøy,110.82
Bamble,2013,Varebiler,5.29
Bamble,2013,Varebiler,4510.77
Bamble,2013,Varebiler,25.82
Bamble,2015,Busser,0.13
Bamble,2015,Busser,757.31
Bamble,2015,Busser,5.61
Bamble,2015,Personbiler,51.67
Bamble,2015,Personbiler,18358.75
Bamble,2015,Personbiler,122.56
Bamble,2015,Tunge kjøretøy,1.91
Bamble,2015,Tunge kjøretøy,13140.33
Bamble,2015,Tunge kjøretøy,102.71
Bamble,2015,Varebiler,5.89
Bamble,2015,Varebiler,4413.27
Bamble,2015,Varebiler,27.75
Bamble,2016,Busser,0.1
Bamble,2016,Busser,726.2
Bamble,2016,Busser,6.38
Bamble,2016,Personbiler,52.23
Bamble,2016,Personbiler,17123.24
Bamble,2016,Personbiler,125.63
Bamble,2016,Tunge kjøretøy,1.51
Bamble,2016,Tunge kjøretøy,12950.79
Bamble,2016,Tunge kjøretøy,118.53
Bamble,2016,Varebiler,6.35
Bamble,2016,Varebiler,4126.75
Bamble,2016,Varebiler,29.15
Bamble,2017,Busser,0.06
Bamble,2017,Busser,662.75
Bamble,2017,Busser,8.46
Bamble,2017,Personbiler,52.78
Bamble,2017,Personbiler,15781.7
Bamble,2017,Personbiler,127.01
Bamble,2017,Tunge kjøretøy,1.29
Bamble,2017,Tunge kjøretøy,12138.31
Bamble,2017,Tunge kjøretøy,132.69
Bamble,2017,Varebiler,7.23
Bamble,2017,Varebiler,3749.65
Bamble,2017,Varebiler,31.06
Bamble,2018,Busser,0.06
Bamble,2018,Busser,706.39
Bamble,2018,Busser,8.3
Bamble,2018,Personbiler,52.8
Bamble,2018,Personbiler,15790.66
Bamble,2018,Personbiler,127.21
Bamble,2018,Tunge kjøretøy,1.16
Bamble,2018,Tunge kjøretøy,13096.42
Bamble,2018,Tunge kjøretøy,145.18
Bamble,2018,Varebiler,8.27
Bamble,2018,Varebiler,3923.7
Bamble,2018,Varebiler,33.02
Bamble,2019,Busser,0.04
Bamble,2019,Busser,645.62
Bamble,2019,Busser,8.77
Bamble,2019,Personbiler,50.96
Bamble,2019,Personbiler,14240.42
Bamble,2019,Personbiler,121.24
Bamble,2019,Tunge kjøretøy,0.97
Bamble,2019,Tunge kjøretøy,12535.64
Bamble,2019,Tunge kjøretøy,154.52
Bamble,2019,Varebiler,9.21
Bamble,2019,Varebiler,3606.27
Bamble,2019,Varebiler,34.61
Bamble,2020,Busser,0.04
Bamble,2020,Busser,598.75
Bamble,2020,Busser,8.53
Bamble,2020,Personbiler,46.06
Bamble,2020,Personbiler,12921.23
Bamble,2020,Personbiler,110.0
Bamble,2020,Tunge kjøretøy,0.95
Bamble,2020,Tunge kjøretøy,13208.68
Bamble,2020,Tunge kjøretøy,166.77
Bamble,2020,Varebiler,10.0
Bamble,2020,Varebiler,3587.97
Bamble,2020,Varebiler,35.8
Bamble,2021,Busser,0.04
Bamble,2021,Busser,579.94
Bamble,2021,Busser,8.3
Bamble,2021,Personbiler,45.65
Bamble,2021,Personbiler,12115.23
Bamble,2021,Personbiler,106.66
Bamble,2021,Tunge kjøretøy,1.02
Bamble,2021,Tunge kjøretøy,13644.62
Bamble,2021,Tunge kjøretøy,175.57
Bamble,2021,Varebiler,10.52
Bamble,2021,Varebiler,3675.14
Bamble,2021,Varebiler,37.5
Bamble,2022,Busser,0.04
Bamble,2022,Busser,652.25
Bamble,2022,Busser,8.81
Bamble,2022,Personbiler,45.72
Bamble,2022,Personbiler,12156.15
Bamble,2022,Personbiler,105.99
Bamble,2022,Tunge kjøretøy,1.06
Bamble,2022,Tunge kjøretøy,13572.29
Bamble,2022,Tunge kjøretøy,177.24
Bamble,2022,Varebiler,11.78
Bamble,2022,Varebiler,3905.34
Bamble,2022,Varebiler,41.54
Bamble,2023,Busser,0.04
Bamble,2023,Busser,671.67
Bamble,2023,Busser,8.99
Bamble,2023,Personbiler,43.38
Bamble,2023,Personbiler,10841.5
Bamble,2023,Personbiler,99.74
Bamble,2023,Tunge kjøretøy,1.26
Bamble,2023,Tunge kjøretøy,13242.19
Bamble,2023,Tunge kjøretøy,171.9
Bamble,2023,Varebiler,12.33
Bamble,2023,Varebiler,3906.09
Bamble,2023,Varebiler,42.99
Kragerø,2009,Busser,0.21
Kragerø,2009,Busser,569.32
Kragerø,2009,Busser,1.53
Kragerø,2009,Personbiler,45.88
Kragerø,2009,Personbiler,13086.68
Kragerø,2009,Personbiler,78.74
Kragerø,2009,Tunge kjøretøy,2.26
Kragerø,2009,Tunge kjøretøy,9000.88
Kragerø,2009,Tunge kjøretøy,24.1
Kragerø,2009,Varebiler,4.71
Kragerø,2009,Varebiler,3090.75
Kragerø,2009,Varebiler,19.14
Kragerø,2011,Busser,0.16
Kragerø,2011,Busser,538.59
Kragerø,2011,Busser,1.98
Kragerø,2011,Personbiler,37.56
Kragerø,2011,Personbiler,12652.39
Kragerø,2011,Personbiler,78.22
Kragerø,2011,Tunge kjøretøy,2.02
Kragerø,2011,Tunge kjøretøy,9339.42
Kragerø,2011,Tunge kjøretøy,35.23
Kragerø,2011,Varebiler,3.71
Kragerø,2011,Varebiler,3028.01
Kragerø,2011,Varebiler,18.6
Kragerø,2013,Busser,0.06
Kragerø,2013,Busser,494.97
Kragerø,2013,Busser,4.8
Kragerø,2013,Personbiler,32.71
Kragerø,2013,Personbiler,12180.64
Kragerø,2013,Personbiler,79.56
Kragerø,2013,Tunge kjøretøy,1.29
Kragerø,2013,Tunge kjøretøy,9692.29
Kragerø,2013,Tunge kjøretøy,72.52
Kragerø,2013,Varebiler,3.73
Kragerø,2013,Varebiler,3103.89
Kragerø,2013,Varebiler,19.75
Kragerø,2015,Busser,0.06
Kragerø,2015,Busser,501.73
Kragerø,2015,Busser,4.46
Kragerø,2015,Personbiler,33.38
Kragerø,2015,Personbiler,11970.29
Kragerø,2015,Personbiler,85.52
Kragerø,2015,Tunge kjøretøy,1.4
Kragerø,2015,Tunge kjøretøy,10058.31
Kragerø,2015,Tunge kjøretøy,73.78
Kragerø,2015,Varebiler,4.14
Kragerø,2015,Varebiler,2981.6
Kragerø,2015,Varebiler,20.45
Kragerø,2016,Busser,0.05
Kragerø,2016,Busser,473.02
Kragerø,2016,Busser,5.07
Kragerø,2016,Personbiler,33.97
Kragerø,2016,Personbiler,11197.18
Kragerø,2016,Personbiler,88.3
Kragerø,2016,Tunge kjøretøy,1.2
Kragerø,2016,Tunge kjøretøy,9879.35
Kragerø,2016,Tunge kjøretøy,85.65
Kragerø,2016,Varebiler,4.48
Kragerø,2016,Varebiler,2825.12
Kragerø,2016,Varebiler,21.6
Kragerø,2017,Busser,0.04
Kragerø,2017,Busser,444.16
Kragerø,2017,Busser,5.79
Kragerø,2017,Personbiler,34.77
Kragerø,2017,Personbiler,10363.75
Kragerø,2017,Personbiler,90.15
Kragerø,2017,Tunge kjøretøy,1.04
Kragerø,2017,Tunge kjøretøy,9270.25
Kragerø,2017,Tunge kjøretøy,95.15
Kragerø,2017,Varebiler,5.2
Kragerø,2017,Varebiler,2551.11
Kragerø,2017,Varebiler,22.66
Kragerø,2018,Busser,0.04
Kragerø,2018,Busser,466.95
Kragerø,2018,Busser,5.57
Kragerø,2018,Personbiler,35.63
Kragerø,2018,Personbiler,10448.28
Kragerø,2018,Personbiler,91.72
Kragerø,2018,Tunge kjøretøy,0.92
Kragerø,2018,Tunge kjøretøy,10034.2
Kragerø,2018,Tunge kjøretøy,106.19
Kragerø,2018,Varebiler,5.88
Kragerø,2018,Varebiler,2660.28
Kragerø,2018,Varebiler,23.91
Kragerø,2019,Busser,0.03
Kragerø,2019,Busser,443.82
Kragerø,2019,Busser,6.6
Kragerø,2019,Personbiler,36.95
Kragerø,2019,Personbiler,9937.96
Kragerø,2019,Personbiler,93.27
Kragerø,2019,Tunge kjøretøy,0.75
Kragerø,2019,Tunge kjøretøy,9621.53
Kragerø,2019,Tunge kjøretøy,114.89
Kragerø,2019,Varebiler,7.05
Kragerø,2019,Varebiler,2604.07
Kragerø,2019,Varebiler,26.49
Kragerø,2020,Busser,0.02
Kragerø,2020,Busser,419.6
Kragerø,2020,Busser,6.51
Kragerø,2020,Personbiler,33.35
Kragerø,2020,Personbiler,8980.91
Kragerø,2020,Personbiler,84.57
Kragerø,2020,Tunge kjøretøy,0.79
Kragerø,2020,Tunge kjøretøy,10119.17
Kragerø,2020,Tunge kjøretøy,120.31
Kragerø,2020,Varebiler,7.8
Kragerø,2020,Varebiler,2616.24
Kragerø,2020,Varebiler,27.9
Kragerø,2021,Busser,0.02
Kragerø,2021,Busser,423.27
Kragerø,2021,Busser,6.5
Kragerø,2021,Personbiler,33.75
Kragerø,2021,Personbiler,8565.78
Kragerø,2021,Personbiler,83.86
Kragerø,2021,Tunge kjøretøy,0.83
Kragerø,2021,Tunge kjøretøy,10480.99
Kragerø,2021,Tunge kjøretøy,126.41
Kragerø,2021,Varebiler,8.74
Kragerø,2021,Varebiler,2780.26
Kragerø,2021,Varebiler,30.52
Kragerø,2022,Busser,0.02
Kragerø,2022,Busser,461.2
Kragerø,2022,Busser,6.85
Kragerø,2022,Personbiler,34.47
Kragerø,2022,Personbiler,8629.04
Kragerø,2022,Personbiler,84.15
Kragerø,2022,Tunge kjøretøy,0.85
Kragerø,2022,Tunge kjøretøy,10437.36
Kragerø,2022,Tunge kjøretøy,126.44
Kragerø,2022,Varebiler,9.61
Kragerø,2022,Varebiler,2913.16
Kragerø,2022,Varebiler,33.03
Kragerø,2023,Busser,0.04
Kragerø,2023,Busser,481.78
Kragerø,2023,Busser,6.74
Kragerø,2023,Personbiler,33.74
Kragerø,2023,Personbiler,7854.72
Kragerø,2023,Personbiler,80.91
Kragerø,2023,Tunge kjøretøy,0.93
Kragerø,2023,Tunge kjøretøy,10158.53
Kragerø,2023,Tunge kjøretøy,122.31
Kragerø,2023,Varebiler,10.09
Kragerø,2023,Varebiler,2905.03
Kragerø,2023,Varebiler,33.81
Drangedal,2009,Busser,0.13
Drangedal,2009,Busser,480.31
Drangedal,2009,Busser,1.31
Drangedal,2009,Personbiler,17.38
Drangedal,2009,Personbiler,4773.4
Drangedal,2009,Personbiler,27.46
Drangedal,2009,Tunge kjøretøy,0.68
Drangedal,2009,Tunge kjøretøy,3659.24
Drangedal,2009,Tunge kjøretøy,8.67
Drangedal,2009,Varebiler,1.74
Drangedal,2009,Varebiler,1472.68
Drangedal,2009,Varebiler,8.53
Drangedal,2011,Busser,0.11
Drangedal,2011,Busser,469.11
Drangedal,2011,Busser,1.69
Drangedal,2011,Personbiler,14.23
Drangedal,2011,Personbiler,4628.31
Drangedal,2011,Personbiler,27.27
Drangedal,2011,Tunge kjøretøy,0.62
Drangedal,2011,Tunge kjøretøy,3815.03
Drangedal,2011,Tunge kjøretøy,12.93
Drangedal,2011,Varebiler,1.29
Drangedal,2011,Varebiler,1439.24
Drangedal,2011,Varebiler,8.38
Drangedal,2013,Busser,0.06
Drangedal,2013,Busser,451.37
Drangedal,2013,Busser,3.36
Drangedal,2013,Personbiler,12.13
Drangedal,2013,Personbiler,4469.32
Drangedal,2013,Personbiler,27.05
Drangedal,2013,Tunge kjøretøy,0.5
Drangedal,2013,Tunge kjøretøy,3904.18
Drangedal,2013,Tunge kjøretøy,19.97
Drangedal,2013,Varebiler,1.26
Drangedal,2013,Varebiler,1493.3
Drangedal,2013,Varebiler,8.64
Drangedal,2015,Busser,0.06
Drangedal,2015,Busser,463.77
Drangedal,2015,Busser,3.38
Drangedal,2015,Personbiler,11.86
Drangedal,2015,Personbiler,4384.35
Drangedal,2015,Personbiler,28.6
Drangedal,2015,Tunge kjøretøy,0.4
Drangedal,2015,Tunge kjøretøy,4052.09
Drangedal,2015,Tunge kjøretøy,25.34
Drangedal,2015,Varebiler,1.61
Drangedal,2015,Varebiler,1468.4
Drangedal,2015,Varebiler,9.11
Drangedal,2016,Busser,0.05
Drangedal,2016,Busser,447.45
Drangedal,2016,Busser,3.85
Drangedal,2016,Personbiler,12.0
Drangedal,2016,Personbiler,4133.47
Drangedal,2016,Personbiler,29.39
Drangedal,2016,Tunge kjøretøy,0.43
Drangedal,2016,Tunge kjøretøy,3945.81
Drangedal,2016,Tunge kjøretøy,28.95
Drangedal,2016,Varebiler,1.68
Drangedal,2016,Varebiler,1358.71
Drangedal,2016,Varebiler,9.21
Drangedal,2017,Busser,0.04
Drangedal,2017,Busser,393.14
Drangedal,2017,Busser,5.03
Drangedal,2017,Personbiler,12.35
Drangedal,2017,Personbiler,3834.52
Drangedal,2017,Personbiler,30.17
Drangedal,2017,Tunge kjøretøy,0.39
Drangedal,2017,Tunge kjøretøy,3729.91
Drangedal,2017,Tunge kjøretøy,31.88
Drangedal,2017,Varebiler,1.96
Drangedal,2017,Varebiler,1232.11
Drangedal,2017,Varebiler,9.59
Drangedal,2018,Busser,0.04
Drangedal,2018,Busser,418.87
Drangedal,2018,Busser,5.06
Drangedal,2018,Personbiler,12.84
Drangedal,2018,Personbiler,3869.01
Drangedal,2018,Personbiler,30.71
Drangedal,2018,Tunge kjøretøy,0.33
Drangedal,2018,Tunge kjøretøy,4075.4
Drangedal,2018,Tunge kjøretøy,37.19
Drangedal,2018,Varebiler,2.31
Drangedal,2018,Varebiler,1336.08
Drangedal,2018,Varebiler,10.36
Drangedal,2019,Busser,0.02
Drangedal,2019,Busser,391.42
Drangedal,2019,Busser,5.63
Drangedal,2019,Personbiler,12.38
Drangedal,2019,Personbiler,3452.11
Drangedal,2019,Personbiler,29.01
Drangedal,2019,Tunge kjøretøy,0.32
Drangedal,2019,Tunge kjøretøy,3898.86
Drangedal,2019,Tunge kjøretøy,38.07
Drangedal,2019,Varebiler,2.63
Drangedal,2019,Varebiler,1251.85
Drangedal,2019,Varebiler,10.93
Drangedal,2020,Busser,0.02
Drangedal,2020,Busser,385.1
Drangedal,2020,Busser,5.48
Drangedal,2020,Personbiler,11.56
Drangedal,2020,Personbiler,3174.99
Drangedal,2020,Personbiler,26.83
Drangedal,2020,Tunge kjøretøy,0.35
Drangedal,2020,Tunge kjøretøy,4051.45
Drangedal,2020,Tunge kjøretøy,38.9
Drangedal,2020,Varebiler,2.86
Drangedal,2020,Varebiler,1228.02
Drangedal,2020,Varebiler,11.01
Drangedal,2021,Busser,0.02
Drangedal,2021,Busser,393.87
Drangedal,2021,Busser,5.51
Drangedal,2021,Personbiler,11.71
Drangedal,2021,Personbiler,3066.35
Drangedal,2021,Personbiler,26.7
Drangedal,2021,Tunge kjøretøy,0.37
Drangedal,2021,Tunge kjøretøy,4186.1
Drangedal,2021,Tunge kjøretøy,42.98
Drangedal,2021,Varebiler,3.18
Drangedal,2021,Varebiler,1235.78
Drangedal,2021,Varebiler,11.4
Drangedal,2022,Busser,0.02
Drangedal,2022,Busser,415.85
Drangedal,2022,Busser,5.85
Drangedal,2022,Personbiler,11.91
Drangedal,2022,Personbiler,3139.32
Drangedal,2022,Personbiler,27.03
Drangedal,2022,Tunge kjøretøy,0.42
Drangedal,2022,Tunge kjøretøy,4186.88
Drangedal,2022,Tunge kjøretøy,44.27
Drangedal,2022,Varebiler,3.47
Drangedal,2022,Varebiler,1302.93
Drangedal,2022,Varebiler,12.36
Drangedal,2023,Busser,0.02
Drangedal,2023,Busser,433.61
Drangedal,2023,Busser,5.88
Drangedal,2023,Personbiler,11.68
Drangedal,2023,Personbiler,2870.05
Drangedal,2023,Personbiler,26.18
Drangedal,2023,Tunge kjøretøy,0.44
Drangedal,2023,Tunge kjøretøy,4064.05
Drangedal,2023,Tunge kjøretøy,41.68
Drangedal,2023,Varebiler,4.01
Drangedal,2023,Varebiler,1349.26
Drangedal,2023,Varebiler,13.34
Nome,2009,Busser,0.33
Nome,2009,Busser,817.3
Nome,2009,Busser,2.44
Nome,2009,Personbiler,24.5
Nome,2009,Personbiler,6405.14
Nome,2009,Personbiler,40.69
Nome,2009,Tunge kjøretøy,0.63
Nome,2009,Tunge kjøretøy,3431.97
Nome,2009,Tunge kjøretøy,9.61
Nome,2009,Varebiler,2.39
Nome,2009,Varebiler,1638.64
Nome,2009,Varebiler,9.9
Nome,2011,Busser,0.52
Nome,2011,Busser,770.19
Nome,2011,Busser,3.26
Nome,2011,Personbiler,20.22
Nome,2011,Personbiler,6195.94
Nome,2011,Personbiler,40.27
Nome,2011,Tunge kjøretøy,0.51
Nome,2011,Tunge kjøretøy,3584.46
Nome,2011,Tunge kjøretøy,16.29
Nome,2011,Varebiler,1.84
Nome,2011,Varebiler,1644.51
Nome,2011,Varebiler,9.93
Nome,2013,Busser,0.15
Nome,2013,Busser,762.94
Nome,2013,Busser,3.41
Nome,2013,Personbiler,17.68
Nome,2013,Personbiler,6048.41
Nome,2013,Personbiler,40.8
Nome,2013,Tunge kjøretøy,0.4
Nome,2013,Tunge kjøretøy,3680.38
Nome,2013,Tunge kjøretøy,24.36
Nome,2013,Varebiler,1.82
Nome,2013,Varebiler,1635.46
Nome,2013,Varebiler,10.23
Nome,2015,Busser,0.13
Nome,2015,Busser,778.24
Nome,2015,Busser,5.33
Nome,2015,Personbiler,17.76
Nome,2015,Personbiler,5912.62
Nome,2015,Personbiler,44.17
Nome,2015,Tunge kjøretøy,0.35
Nome,2015,Tunge kjøretøy,3838.77
Nome,2015,Tunge kjøretøy,30.59
Nome,2015,Varebiler,2.25
Nome,2015,Varebiler,1651.44
Nome,2015,Varebiler,11.39
Nome,2016,Busser,0.09
Nome,2016,Busser,723.58
Nome,2016,Busser,6.03
Nome,2016,Personbiler,17.76
Nome,2016,Personbiler,5559.49
Nome,2016,Personbiler,45.1
Nome,2016,Tunge kjøretøy,0.33
Nome,2016,Tunge kjøretøy,3736.68
Nome,2016,Tunge kjøretøy,34.46
Nome,2016,Varebiler,2.49
Nome,2016,Varebiler,1542.29
Nome,2016,Varebiler,12.07
Nome,2017,Busser,0.07
Nome,2017,Busser,658.96
Nome,2017,Busser,9.34
Nome,2017,Personbiler,18.15
Nome,2017,Personbiler,5159.6
Nome,2017,Personbiler,46.63
Nome,2017,Tunge kjøretøy,0.29
Nome,2017,Tunge kjøretøy,3525.12
Nome,2017,Tunge kjøretøy,39.26
Nome,2017,Varebiler,2.75
Nome,2017,Varebiler,1394.24
Nome,2017,Varebiler,12.77
Nome,2018,Busser,0.06
Nome,2018,Busser,702.39
Nome,2018,Busser,10.08
Nome,2018,Personbiler,18.63
Nome,2018,Personbiler,5208.88
Nome,2018,Personbiler,47.54
Nome,2018,Tunge kjøretøy,0.26
Nome,2018,Tunge kjøretøy,3814.57
Nome,2018,Tunge kjøretøy,43.35
Nome,2018,Varebiler,3.16
Nome,2018,Varebiler,1478.92
Nome,2018,Varebiler,13.74
Nome,2019,Busser,0.04
Nome,2019,Busser,657.51
Nome,2019,Busser,10.65
Nome,2019,Personbiler,18.82
Nome,2019,Personbiler,4858.44
Nome,2019,Personbiler,47.32
Nome,2019,Tunge kjøretøy,0.24
Nome,2019,Tunge kjøretøy,3661.82
Nome,2019,Tunge kjøretøy,45.5
Nome,2019,Varebiler,3.6
Nome,2019,Varebiler,1414.4
Nome,2019,Varebiler,14.96
Nome,2020,Busser,0.03
Nome,2020,Busser,621.6
Nome,2020,Busser,10.61
Nome,2020,Personbiler,17.92
Nome,2020,Personbiler,4514.29
Nome,2020,Personbiler,44.29
Nome,2020,Tunge kjøretøy,0.27
Nome,2020,Tunge kjøretøy,3811.24
Nome,2020,Tunge kjøretøy,46.94
Nome,2020,Varebiler,3.7
Nome,2020,Varebiler,1302.49
Nome,2020,Varebiler,14.33
Nome,2021,Busser,0.03
Nome,2021,Busser,640.74
Nome,2021,Busser,10.9
Nome,2021,Personbiler,17.26
Nome,2021,Personbiler,4254.16
Nome,2021,Personbiler,43.05
Nome,2021,Tunge kjøretøy,0.3
Nome,2021,Tunge kjøretøy,3950.76
Nome,2021,Tunge kjøretøy,50.5
Nome,2021,Varebiler,4.15
Nome,2021,Varebiler,1424.14
Nome,2021,Varebiler,16.41
Nome,2022,Busser,0.03
Nome,2022,Busser,674.21
Nome,2022,Busser,11.68
Nome,2022,Personbiler,17.45
Nome,2022,Personbiler,4341.81
Nome,2022,Personbiler,43.49
Nome,2022,Tunge kjøretøy,0.31
Nome,2022,Tunge kjøretøy,3954.5
Nome,2022,Tunge kjøretøy,50.7
Nome,2022,Varebiler,4.5
Nome,2022,Varebiler,1475.15
Nome,2022,Varebiler,17.6
Nome,2023,Busser,0.03
Nome,2023,Busser,690.27
Nome,2023,Busser,12.19
Nome,2023,Personbiler,16.96
Nome,2023,Personbiler,4010.95
Nome,2023,Personbiler,42.11
Nome,2023,Tunge kjøretøy,0.36
Nome,2023,Tunge kjøretøy,3858.8
Nome,2023,Tunge kjøretøy,49.65
Nome,2023,Varebiler,4.71
Nome,2023,Varebiler,1474.83
Nome,2023,Varebiler,18.34
Midt-Telemark,2009,Busser,0.37
Midt-Telemark,2009,Busser,1151.96
Midt-Telemark,2009,Busser,2.98
Midt-Telemark,2009,Personbiler,37.12
Midt-Telemark,2009,Personbiler,10064.18
Midt-Telemark,2009,Personbiler,63.79
Midt-Telemark,2009,Tunge kjøretøy,0.82
Midt-Telemark,2009,Tunge kjøretøy,4329.26
Midt-Telemark,2009,Tunge kjøretøy,12.12
Midt-Telemark,2009,Varebiler,3.61
Midt-Telemark,2009,Varebiler,2855.9
Midt-Telemark,2009,Varebiler,16.83
Midt-Telemark,2011,Busser,0.45
Midt-Telemark,2011,Busser,1179.88
Midt-Telemark,2011,Busser,3.67
Midt-Telemark,2011,Personbiler,30.45
Midt-Telemark,2011,Personbiler,9707.26
Midt-Telemark,2011,Personbiler,63.14
Midt-Telemark,2011,Tunge kjøretøy,0.67
Midt-Telemark,2011,Tunge kjøretøy,4509.41
Midt-Telemark,2011,Tunge kjøretøy,20.76
Midt-Telemark,2011,Varebiler,2.83
Midt-Telemark,2011,Varebiler,2874.0
Midt-Telemark,2011,Varebiler,17.02
Midt-Telemark,2013,Busser,0.32
Midt-Telemark,2013,Busser,1220.67
Midt-Telemark,2013,Busser,4.49
Midt-Telemark,2013,Personbiler,26.97
Midt-Telemark,2013,Personbiler,9550.66
Midt-Telemark,2013,Personbiler,65.7
Midt-Telemark,2013,Tunge kjøretøy,0.55
Midt-Telemark,2013,Tunge kjøretøy,4633.2
Midt-Telemark,2013,Tunge kjøretøy,31.56
Midt-Telemark,2013,Varebiler,3.06
Midt-Telemark,2013,Varebiler,2780.5
Midt-Telemark,2013,Varebiler,17.19
Midt-Telemark,2015,Busser,0.31
Midt-Telemark,2015,Busser,1289.38
Midt-Telemark,2015,Busser,4.92
Midt-Telemark,2015,Personbiler,27.54
Midt-Telemark,2015,Personbiler,9356.49
Midt-Telemark,2015,Personbiler,71.19
Midt-Telemark,2015,Tunge kjøretøy,0.49
Midt-Telemark,2015,Tunge kjøretøy,4823.89
Midt-Telemark,2015,Tunge kjøretøy,38.67
Midt-Telemark,2015,Varebiler,3.75
Midt-Telemark,2015,Varebiler,2781.44
Midt-Telemark,2015,Varebiler,18.98
Midt-Telemark,2016,Busser,0.26
Midt-Telemark,2016,Busser,1177.66
Midt-Telemark,2016,Busser,6.95
Midt-Telemark,2016,Personbiler,27.62
Midt-Telemark,2016,Personbiler,8776.12
Midt-Telemark,2016,Personbiler,72.11
Midt-Telemark,2016,Tunge kjøretøy,0.46
Midt-Telemark,2016,Tunge kjøretøy,4694.02
Midt-Telemark,2016,Tunge kjøretøy,43.2
Midt-Telemark,2016,Varebiler,4.12
Midt-Telemark,2016,Varebiler,2653.11
Midt-Telemark,2016,Varebiler,20.23
Midt-Telemark,2017,Busser,0.18
Midt-Telemark,2017,Busser,1082.24
Midt-Telemark,2017,Busser,10.86
Midt-Telemark,2017,Personbiler,28.4
Midt-Telemark,2017,Personbiler,8133.56
Midt-Telemark,2017,Personbiler,74.09
Midt-Telemark,2017,Tunge kjøretøy,0.41
Midt-Telemark,2017,Tunge kjøretøy,4440.04
Midt-Telemark,2017,Tunge kjøretøy,48.52
Midt-Telemark,2017,Varebiler,4.72
Midt-Telemark,2017,Varebiler,2416.17
Midt-Telemark,2017,Varebiler,21.84
Midt-Telemark,2018,Busser,0.14
Midt-Telemark,2018,Busser,1114.01
Midt-Telemark,2018,Busser,13.01
Midt-Telemark,2018,Personbiler,29.71
Midt-Telemark,2018,Personbiler,8261.46
Midt-Telemark,2018,Personbiler,76.4
Midt-Telemark,2018,Tunge kjøretøy,0.34
Midt-Telemark,2018,Tunge kjøretøy,4803.92
Midt-Telemark,2018,Tunge kjøretøy,53.9
Midt-Telemark,2018,Varebiler,5.31
Midt-Telemark,2018,Varebiler,2502.27
Midt-Telemark,2018,Varebiler,22.76
Midt-Telemark,2019,Busser,0.11
Midt-Telemark,2019,Busser,1033.96
Midt-Telemark,2019,Busser,14.69
Midt-Telemark,2019,Personbiler,30.02
Midt-Telemark,2019,Personbiler,7700.79
Midt-Telemark,2019,Personbiler,75.99
Midt-Telemark,2019,Tunge kjøretøy,0.33
Midt-Telemark,2019,Tunge kjøretøy,4607.02
Midt-Telemark,2019,Tunge kjøretøy,56.64
Midt-Telemark,2019,Varebiler,6.07
Midt-Telemark,2019,Varebiler,2405.33
Midt-Telemark,2019,Varebiler,24.91
Midt-Telemark,2020,Busser,0.07
Midt-Telemark,2020,Busser,910.77
Midt-Telemark,2020,Busser,15.55
Midt-Telemark,2020,Personbiler,27.98
Midt-Telemark,2020,Personbiler,7100.85
Midt-Telemark,2020,Personbiler,70.42
Midt-Telemark,2020,Tunge kjøretøy,0.33
Midt-Telemark,2020,Tunge kjøretøy,4794.8
Midt-Telemark,2020,Tunge kjøretøy,58.38
Midt-Telemark,2020,Varebiler,6.38
Midt-Telemark,2020,Varebiler,2308.49
Midt-Telemark,2020,Varebiler,24.77
Midt-Telemark,2021,Busser,0.06
Midt-Telemark,2021,Busser,974.16
Midt-Telemark,2021,Busser,16.25
Midt-Telemark,2021,Personbiler,27.48
Midt-Telemark,2021,Personbiler,6726.1
Midt-Telemark,2021,Personbiler,68.47
Midt-Telemark,2021,Tunge kjøretøy,0.36
Midt-Telemark,2021,Tunge kjøretøy,4978.27
Midt-Telemark,2021,Tunge kjøretøy,62.47
Midt-Telemark,2021,Varebiler,6.9
Midt-Telemark,2021,Varebiler,2462.38
Midt-Telemark,2021,Varebiler,27.33
Midt-Telemark,2022,Busser,0.08
Midt-Telemark,2022,Busser,997.66
Midt-Telemark,2022,Busser,17.39
Midt-Telemark,2022,Personbiler,27.84
Midt-Telemark,2022,Personbiler,6825.5
Midt-Telemark,2022,Personbiler,68.74
Midt-Telemark,2022,Tunge kjøretøy,0.36
Midt-Telemark,2022,Tunge kjøretøy,4979.65
Midt-Telemark,2022,Tunge kjøretøy,62.68
Midt-Telemark,2022,Varebiler,7.57
Midt-Telemark,2022,Varebiler,2613.3
Midt-Telemark,2022,Varebiler,30.12
Midt-Telemark,2023,Busser,0.07
Midt-Telemark,2023,Busser,1018.31
Midt-Telemark,2023,Busser,18.76
Midt-Telemark,2023,Personbiler,26.98
Midt-Telemark,2023,Personbiler,6289.56
Midt-Telemark,2023,Personbiler,65.78
Midt-Telemark,2023,Tunge kjøretøy,0.37
Midt-Telemark,2023,Tunge kjøretøy,4874.48
Midt-Telemark,2023,Tunge kjøretøy,61.48
Midt-Telemark,2023,Varebiler,7.98
Midt-Telemark,2023,Varebiler,2612.54
Midt-Telemark,2023,Varebiler,31.23
Seljord,2009,Busser,0.15
Seljord,2009,Busser,559.4
Seljord,2009,Busser,1.34
Seljord,2009,Personbiler,13.32
Seljord,2009,Personbiler,3982.46
Seljord,2009,Personbiler,23.65
Seljord,2009,Tunge kjøretøy,0.77
Seljord,2009,Tunge kjøretøy,4490.6
Seljord,2009,Tunge kjøretøy,11.0
Seljord,2009,Varebiler,1.46
Seljord,2009,Varebiler,1427.05
Seljord,2009,Varebiler,8.05
Seljord,2011,Busser,0.11
Seljord,2011,Busser,564.53
Seljord,2011,Busser,2.14
Seljord,2011,Personbiler,11.12
Seljord,2011,Personbiler,3837.48
Seljord,2011,Personbiler,23.62
Seljord,2011,Tunge kjøretøy,0.64
Seljord,2011,Tunge kjøretøy,4701.53
Seljord,2011,Tunge kjøretøy,18.3
Seljord,2011,Varebiler,1.33
Seljord,2011,Varebiler,1425.65
Seljord,2011,Varebiler,8.18
Seljord,2013,Busser,0.08
Seljord,2013,Busser,570.74
Seljord,2013,Busser,3.71
Seljord,2013,Personbiler,9.76
Seljord,2013,Personbiler,3756.82
Seljord,2013,Personbiler,24.34
Seljord,2013,Tunge kjøretøy,0.54
Seljord,2013,Tunge kjøretøy,4841.7
Seljord,2013,Tunge kjøretøy,27.23
Seljord,2013,Varebiler,1.29
Seljord,2013,Varebiler,1407.4
Seljord,2013,Varebiler,8.12
Seljord,2015,Busser,0.07
Seljord,2015,Busser,588.49
Seljord,2015,Busser,4.12
Seljord,2015,Personbiler,10.28
Seljord,2015,Personbiler,3647.06
Seljord,2015,Personbiler,26.42
Seljord,2015,Tunge kjøretøy,0.46
Seljord,2015,Tunge kjøretøy,5066.04
Seljord,2015,Tunge kjøretøy,34.84
Seljord,2015,Varebiler,1.7
Seljord,2015,Varebiler,1459.81
Seljord,2015,Varebiler,9.21
Seljord,2016,Busser,0.06
Seljord,2016,Busser,558.29
Seljord,2016,Busser,4.69
Seljord,2016,Personbiler,10.59
Seljord,2016,Personbiler,3405.57
Seljord,2016,Personbiler,27.01
Seljord,2016,Tunge kjøretøy,0.41
Seljord,2016,Tunge kjøretøy,4942.99
Seljord,2016,Tunge kjøretøy,40.25
Seljord,2016,Varebiler,1.99
Seljord,2016,Varebiler,1430.12
Seljord,2016,Varebiler,10.07
Seljord,2017,Busser,0.06
Seljord,2017,Busser,512.38
Seljord,2017,Busser,5.27
Seljord,2017,Personbiler,11.45
Seljord,2017,Personbiler,3161.85
Seljord,2017,Personbiler,28.1
Seljord,2017,Tunge kjøretøy,0.35
Seljord,2017,Tunge kjøretøy,4659.69
Seljord,2017,Tunge kjøretøy,46.01
Seljord,2017,Varebiler,2.22
Seljord,2017,Varebiler,1299.33
Seljord,2017,Varebiler,10.68
Seljord,2018,Busser,0.05
Seljord,2018,Busser,536.38
Seljord,2018,Busser,5.79
Seljord,2018,Personbiler,11.8
Seljord,2018,Personbiler,3195.98
Seljord,2018,Personbiler,28.5
Seljord,2018,Tunge kjøretøy,0.32
Seljord,2018,Tunge kjøretøy,5048.58
Seljord,2018,Tunge kjøretøy,49.58
Seljord,2018,Varebiler,2.54
Seljord,2018,Varebiler,1405.14
Seljord,2018,Varebiler,11.61
Seljord,2019,Busser,0.03
Seljord,2019,Busser,524.12
Seljord,2019,Busser,6.43
Seljord,2019,Personbiler,12.22
Seljord,2019,Personbiler,3014.55
Seljord,2019,Personbiler,28.67
Seljord,2019,Tunge kjøretøy,0.32
Seljord,2019,Tunge kjøretøy,4829.78
Seljord,2019,Tunge kjøretøy,51.5
Seljord,2019,Varebiler,3.05
Seljord,2019,Varebiler,1344.15
Seljord,2019,Varebiler,12.44
Seljord,2020,Busser,0.03
Seljord,2020,Busser,495.86
Seljord,2020,Busser,6.27
Seljord,2020,Personbiler,11.55
Seljord,2020,Personbiler,2816.88
Seljord,2020,Personbiler,26.59
Seljord,2020,Tunge kjøretøy,0.29
Seljord,2020,Tunge kjøretøy,5023.83
Seljord,2020,Tunge kjøretøy,54.2
Seljord,2020,Varebiler,3.09
Seljord,2020,Varebiler,1288.18
Seljord,2020,Varebiler,12.3
Seljord,2021,Busser,0.02
Seljord,2021,Busser,513.58
Seljord,2021,Busser,6.41
Seljord,2021,Personbiler,11.65
Seljord,2021,Personbiler,2727.39
Seljord,2021,Personbiler,26.55
Seljord,2021,Tunge kjøretøy,0.31
Seljord,2021,Tunge kjøretøy,5221.92
Seljord,2021,Tunge kjøretøy,57.52
Seljord,2021,Varebiler,3.25
Seljord,2021,Varebiler,1340.42
Seljord,2021,Varebiler,13.02
Seljord,2022,Busser,0.03
Seljord,2022,Busser,549.0
Seljord,2022,Busser,6.72
Seljord,2022,Personbiler,11.65
Seljord,2022,Personbiler,2787.59
Seljord,2022,Personbiler,26.48
Seljord,2022,Tunge kjøretøy,0.32
Seljord,2022,Tunge kjøretøy,5204.3
Seljord,2022,Tunge kjøretøy,57.04
Seljord,2022,Varebiler,3.55
Seljord,2022,Varebiler,1415.87
Seljord,2022,Varebiler,14.17
Seljord,2023,Busser,0.03
Seljord,2023,Busser,559.43
Seljord,2023,Busser,6.91
Seljord,2023,Personbiler,11.19
Seljord,2023,Personbiler,2549.99
Seljord,2023,Personbiler,25.3
Seljord,2023,Tunge kjøretøy,0.37
Seljord,2023,Tunge kjøretøy,5084.39
Seljord,2023,Tunge kjøretøy,56.64
Seljord,2023,Varebiler,3.78
Seljord,2023,Varebiler,1471.24
Seljord,2023,Varebiler,15.29
Hjartdal,2009,Busser,0.06
Hjartdal,2009,Busser,167.79
Hjartdal,2009,Busser,0.45
Hjartdal,2009,Personbiler,7.84
Hjartdal,2009,Personbiler,2492.0
Hjartdal,2009,Personbiler,15.53
Hjartdal,2009,Tunge kjøretøy,0.55
Hjartdal,2009,Tunge kjøretøy,2789.58
Hjartdal,2009,Tunge kjøretøy,8.54
Hjartdal,2009,Varebiler,0.94
Hjartdal,2009,Varebiler,949.7
Hjartdal,2009,Varebiler,5.55
Hjartdal,2011,Busser,0.04
Hjartdal,2011,Busser,166.28
Hjartdal,2011,Busser,0.54
Hjartdal,2011,Personbiler,6.76
Hjartdal,2011,Personbiler,2396.23
Hjartdal,2011,Personbiler,15.71
Hjartdal,2011,Tunge kjøretøy,0.46
Hjartdal,2011,Tunge kjøretøy,2917.48
Hjartdal,2011,Tunge kjøretøy,15.51
Hjartdal,2011,Varebiler,0.85
Hjartdal,2011,Varebiler,947.62
Hjartdal,2011,Varebiler,5.66
Hjartdal,2013,Busser,0.03
Hjartdal,2013,Busser,160.98
Hjartdal,2013,Busser,1.23
Hjartdal,2013,Personbiler,6.14
Hjartdal,2013,Personbiler,2362.28
Hjartdal,2013,Personbiler,16.45
Hjartdal,2013,Tunge kjøretøy,0.38
Hjartdal,2013,Tunge kjøretøy,2998.68
Hjartdal,2013,Tunge kjøretøy,23.42
Hjartdal,2013,Varebiler,0.84
Hjartdal,2013,Varebiler,903.24
Hjartdal,2013,Varebiler,5.42
Hjartdal,2015,Busser,0.03
Hjartdal,2015,Busser,164.96
Hjartdal,2015,Busser,1.29
Hjartdal,2015,Personbiler,6.66
Hjartdal,2015,Personbiler,2297.92
Hjartdal,2015,Personbiler,18.36
Hjartdal,2015,Tunge kjøretøy,0.37
Hjartdal,2015,Tunge kjøretøy,3114.5
Hjartdal,2015,Tunge kjøretøy,26.68
Hjartdal,2015,Varebiler,1.24
Hjartdal,2015,Varebiler,922.97
Hjartdal,2015,Varebiler,6.25
Hjartdal,2016,Busser,0.03
Hjartdal,2016,Busser,158.39
Hjartdal,2016,Busser,1.55
Hjartdal,2016,Personbiler,6.79
Hjartdal,2016,Personbiler,2157.86
Hjartdal,2016,Personbiler,18.74
Hjartdal,2016,Tunge kjøretøy,0.32
Hjartdal,2016,Tunge kjøretøy,3042.23
Hjartdal,2016,Tunge kjøretøy,29.91
Hjartdal,2016,Varebiler,1.42
Hjartdal,2016,Varebiler,894.61
Hjartdal,2016,Varebiler,6.73
Hjartdal,2017,Busser,0.03
Hjartdal,2017,Busser,149.02
Hjartdal,2017,Busser,1.67
Hjartdal,2017,Personbiler,7.37
Hjartdal,2017,Personbiler,2009.29
Hjartdal,2017,Personbiler,19.58
Hjartdal,2017,Tunge kjøretøy,0.27
Hjartdal,2017,Tunge kjøretøy,2868.91
Hjartdal,2017,Tunge kjøretøy,34.03
Hjartdal,2017,Varebiler,1.66
Hjartdal,2017,Varebiler,798.91
Hjartdal,2017,Varebiler,7.16
Hjartdal,2018,Busser,0.03
Hjartdal,2018,Busser,157.14
Hjartdal,2018,Busser,1.81
Hjartdal,2018,Personbiler,7.74
Hjartdal,2018,Personbiler,2038.64
Hjartdal,2018,Personbiler,19.99
Hjartdal,2018,Tunge kjøretøy,0.25
Hjartdal,2018,Tunge kjøretøy,3089.15
Hjartdal,2018,Tunge kjøretøy,35.8
Hjartdal,2018,Varebiler,1.98
Hjartdal,2018,Varebiler,868.57
Hjartdal,2018,Varebiler,7.84
Hjartdal,2019,Busser,0.02
Hjartdal,2019,Busser,146.44
Hjartdal,2019,Busser,2.28
Hjartdal,2019,Personbiler,7.97
Hjartdal,2019,Personbiler,1938.24
Hjartdal,2019,Personbiler,20.19
Hjartdal,2019,Tunge kjøretøy,0.32
Hjartdal,2019,Tunge kjøretøy,2934.41
Hjartdal,2019,Tunge kjøretøy,37.9
Hjartdal,2019,Varebiler,2.26
Hjartdal,2019,Varebiler,817.04
Hjartdal,2019,Varebiler,8.41
Hjartdal,2020,Busser,0.02
Hjartdal,2020,Busser,135.8
Hjartdal,2020,Busser,2.08
Hjartdal,2020,Personbiler,7.42
Hjartdal,2020,Personbiler,1783.35
Hjartdal,2020,Personbiler,18.4
Hjartdal,2020,Tunge kjøretøy,0.28
Hjartdal,2020,Tunge kjøretøy,3051.95
Hjartdal,2020,Tunge kjøretøy,39.76
Hjartdal,2020,Varebiler,2.38
Hjartdal,2020,Varebiler,818.69
Hjartdal,2020,Varebiler,8.63
Hjartdal,2021,Busser,0.01
Hjartdal,2021,Busser,137.11
Hjartdal,2021,Busser,2.19
Hjartdal,2021,Personbiler,7.3
Hjartdal,2021,Personbiler,1731.51
Hjartdal,2021,Personbiler,18.14
Hjartdal,2021,Tunge kjøretøy,0.31
Hjartdal,2021,Tunge kjøretøy,3167.63
Hjartdal,2021,Tunge kjøretøy,42.85
Hjartdal,2021,Varebiler,2.57
Hjartdal,2021,Varebiler,852.53
Hjartdal,2021,Varebiler,9.15
Hjartdal,2022,Busser,0.02
Hjartdal,2022,Busser,155.92
Hjartdal,2022,Busser,2.03
Hjartdal,2022,Personbiler,7.41
Hjartdal,2022,Personbiler,1761.36
Hjartdal,2022,Personbiler,18.15
Hjartdal,2022,Tunge kjøretøy,0.29
Hjartdal,2022,Tunge kjøretøy,3153.51
Hjartdal,2022,Tunge kjøretøy,41.86
Hjartdal,2022,Varebiler,2.81
Hjartdal,2022,Varebiler,932.37
Hjartdal,2022,Varebiler,10.27
Hjartdal,2023,Busser,0.03
Hjartdal,2023,Busser,161.62
Hjartdal,2023,Busser,2.09
Hjartdal,2023,Personbiler,7.33
Hjartdal,2023,Personbiler,1625.28
Hjartdal,2023,Personbiler,17.59
Hjartdal,2023,Tunge kjøretøy,0.32
Hjartdal,2023,Tunge kjøretøy,3093.53
Hjartdal,2023,Tunge kjøretøy,42.48
Hjartdal,2023,Varebiler,2.99
Hjartdal,2023,Varebiler,946.13
Hjartdal,2023,Varebiler,10.7
Tinn,2009,Busser,0.15
Tinn,2009,Busser,408.55
Tinn,2009,Busser,0.96
Tinn,2009,Personbiler,13.49
Tinn,2009,Personbiler,4102.16
Tinn,2009,Personbiler,25.34
Tinn,2009,Tunge kjøretøy,0.25
Tinn,2009,Tunge kjøretøy,1282.25
Tinn,2009,Tunge kjøretøy,3.82
Tinn,2009,Varebiler,1.72
Tinn,2009,Varebiler,1454.06
Tinn,2009,Varebiler,8.63
Tinn,2011,Busser,0.11
Tinn,2011,Busser,399.7
Tinn,2011,Busser,1.68
Tinn,2011,Personbiler,11.4
Tinn,2011,Personbiler,3987.14
Tinn,2011,Personbiler,25.62
Tinn,2011,Tunge kjøretøy,0.21
Tinn,2011,Tunge kjøretøy,1339.64
Tinn,2011,Tunge kjøretøy,6.38
Tinn,2011,Varebiler,1.25
Tinn,2011,Varebiler,1396.67
Tinn,2011,Varebiler,8.28
Tinn,2013,Busser,0.08
Tinn,2013,Busser,389.08
Tinn,2013,Busser,2.89
Tinn,2013,Personbiler,10.05
Tinn,2013,Personbiler,3862.41
Tinn,2013,Personbiler,26.28
Tinn,2013,Tunge kjøretøy,0.17
Tinn,2013,Tunge kjøretøy,1370.44
Tinn,2013,Tunge kjøretøy,9.61
Tinn,2013,Varebiler,1.37
Tinn,2013,Varebiler,1409.0
Tinn,2013,Varebiler,8.62
Tinn,2015,Busser,0.07
Tinn,2015,Busser,394.67
Tinn,2015,Busser,3.23
Tinn,2015,Personbiler,10.8
Tinn,2015,Personbiler,3777.89
Tinn,2015,Personbiler,28.93
Tinn,2015,Tunge kjøretøy,0.16
Tinn,2015,Tunge kjøretøy,1430.61
Tinn,2015,Tunge kjøretøy,11.41
Tinn,2015,Varebiler,1.95
Tinn,2015,Varebiler,1428.72
Tinn,2015,Varebiler,9.75
Tinn,2016,Busser,0.07
Tinn,2016,Busser,381.17
Tinn,2016,Busser,3.35
Tinn,2016,Personbiler,11.5
Tinn,2016,Personbiler,3587.41
Tinn,2016,Personbiler,30.47
Tinn,2016,Tunge kjøretøy,0.14
Tinn,2016,Tunge kjøretøy,1392.88
Tinn,2016,Tunge kjøretøy,12.88
Tinn,2016,Varebiler,2.11
Tinn,2016,Varebiler,1304.23
Tinn,2016,Varebiler,9.95
Tinn,2017,Busser,0.07
Tinn,2017,Busser,348.37
Tinn,2017,Busser,3.76
Tinn,2017,Personbiler,12.1
Tinn,2017,Personbiler,3323.06
Tinn,2017,Personbiler,31.57
Tinn,2017,Tunge kjøretøy,0.12
Tinn,2017,Tunge kjøretøy,1312.65
Tinn,2017,Tunge kjøretøy,14.92
Tinn,2017,Varebiler,2.57
Tinn,2017,Varebiler,1190.17
Tinn,2017,Varebiler,10.77
Tinn,2018,Busser,0.06
Tinn,2018,Busser,369.39
Tinn,2018,Busser,3.81
Tinn,2018,Personbiler,12.35
Tinn,2018,Personbiler,3361.15
Tinn,2018,Personbiler,31.75
Tinn,2018,Tunge kjøretøy,0.11
Tinn,2018,Tunge kjøretøy,1415.32
Tinn,2018,Tunge kjøretøy,16.18
Tinn,2018,Varebiler,2.97
Tinn,2018,Varebiler,1278.77
Tinn,2018,Varebiler,11.89
Tinn,2019,Busser,0.04
Tinn,2019,Busser,327.89
Tinn,2019,Busser,4.67
Tinn,2019,Personbiler,12.62
Tinn,2019,Personbiler,3156.72
Tinn,2019,Personbiler,31.74
Tinn,2019,Tunge kjøretøy,0.12
Tinn,2019,Tunge kjøretøy,1350.74
Tinn,2019,Tunge kjøretøy,17.27
Tinn,2019,Varebiler,3.21
Tinn,2019,Varebiler,1249.82
Tinn,2019,Varebiler,13.1
Tinn,2020,Busser,0.03
Tinn,2020,Busser,266.65
Tinn,2020,Busser,4.57
Tinn,2020,Personbiler,12.02
Tinn,2020,Personbiler,2910.96
Tinn,2020,Personbiler,29.67
Tinn,2020,Tunge kjøretøy,0.11
Tinn,2020,Tunge kjøretøy,1403.99
Tinn,2020,Tunge kjøretøy,17.84
Tinn,2020,Varebiler,3.47
Tinn,2020,Varebiler,1204.42
Tinn,2020,Varebiler,13.17
Tinn,2021,Busser,0.02
Tinn,2021,Busser,272.52
Tinn,2021,Busser,4.73
Tinn,2021,Personbiler,11.91
Tinn,2021,Personbiler,2800.01
Tinn,2021,Personbiler,29.13
Tinn,2021,Tunge kjøretøy,0.12
Tinn,2021,Tunge kjøretøy,1458.2
Tinn,2021,Tunge kjøretøy,19.07
Tinn,2021,Varebiler,3.67
Tinn,2021,Varebiler,1255.76
Tinn,2021,Varebiler,14.04
Tinn,2022,Busser,0.03
Tinn,2022,Busser,305.67
Tinn,2022,Busser,4.99
Tinn,2022,Personbiler,11.69
Tinn,2022,Personbiler,2780.52
Tinn,2022,Personbiler,28.16
Tinn,2022,Tunge kjøretøy,0.12
Tinn,2022,Tunge kjøretøy,1444.57
Tinn,2022,Tunge kjøretøy,18.93
Tinn,2022,Varebiler,4.03
Tinn,2022,Varebiler,1394.08
Tinn,2022,Varebiler,16.08
Tinn,2023,Busser,0.03
Tinn,2023,Busser,314.92
Tinn,2023,Busser,5.18
Tinn,2023,Personbiler,11.32
Tinn,2023,Personbiler,2564.53
Tinn,2023,Personbiler,26.98
Tinn,2023,Tunge kjøretøy,0.11
Tinn,2023,Tunge kjøretøy,1422.82
Tinn,2023,Tunge kjøretøy,18.87
Tinn,2023,Varebiler,4.32
Tinn,2023,Varebiler,1405.75
Tinn,2023,Varebiler,16.6
Kviteseid,2009,Busser,0.07
Kviteseid,2009,Busser,246.0
Kviteseid,2009,Busser,0.62
Kviteseid,2009,Personbiler,13.76
Kviteseid,2009,Personbiler,3891.91
Kviteseid,2009,Personbiler,23.46
Kviteseid,2009,Tunge kjøretøy,0.39
Kviteseid,2009,Tunge kjøretøy,2111.1
Kviteseid,2009,Tunge kjøretøy,5.46
Kviteseid,2009,Varebiler,1.64
Kviteseid,2009,Varebiler,1396.26
Kviteseid,2009,Varebiler,7.91
Kviteseid,2011,Busser,0.06
Kviteseid,2011,Busser,255.75
Kviteseid,2011,Busser,0.74
Kviteseid,2011,Personbiler,11.41
Kviteseid,2011,Personbiler,3789.18
Kviteseid,2011,Personbiler,23.57
Kviteseid,2011,Tunge kjøretøy,0.32
Kviteseid,2011,Tunge kjøretøy,2208.61
Kviteseid,2011,Tunge kjøretøy,9.32
Kviteseid,2011,Varebiler,1.32
Kviteseid,2011,Varebiler,1344.12
Kviteseid,2011,Varebiler,7.67
Kviteseid,2013,Busser,0.05
Kviteseid,2013,Busser,263.97
Kviteseid,2013,Busser,1.04
Kviteseid,2013,Personbiler,10.12
Kviteseid,2013,Personbiler,3655.7
Kviteseid,2013,Personbiler,23.6
Kviteseid,2013,Tunge kjøretøy,0.27
Kviteseid,2013,Tunge kjøretøy,2269.14
Kviteseid,2013,Tunge kjøretøy,13.92
Kviteseid,2013,Varebiler,1.37
Kviteseid,2013,Varebiler,1412.45
Kviteseid,2013,Varebiler,8.09
Kviteseid,2015,Busser,0.04
Kviteseid,2015,Busser,265.61
Kviteseid,2015,Busser,1.13
Kviteseid,2015,Personbiler,10.24
Kviteseid,2015,Personbiler,3573.96
Kviteseid,2015,Personbiler,25.23
Kviteseid,2015,Tunge kjøretøy,0.23
Kviteseid,2015,Tunge kjøretøy,2367.18
Kviteseid,2015,Tunge kjøretøy,17.64
Kviteseid,2015,Varebiler,1.66
Kviteseid,2015,Varebiler,1417.03
Kviteseid,2015,Varebiler,8.77
Kviteseid,2016,Busser,0.03
Kviteseid,2016,Busser,260.19
Kviteseid,2016,Busser,1.4
Kviteseid,2016,Personbiler,10.27
Kviteseid,2016,Personbiler,3342.36
Kviteseid,2016,Personbiler,25.8
Kviteseid,2016,Tunge kjøretøy,0.2
Kviteseid,2016,Tunge kjøretøy,2307.47
Kviteseid,2016,Tunge kjøretøy,20.09
Kviteseid,2016,Varebiler,1.95
Kviteseid,2016,Varebiler,1384.64
Kviteseid,2016,Varebiler,9.57
Kviteseid,2017,Busser,0.03
Kviteseid,2017,Busser,237.04
Kviteseid,2017,Busser,1.92
Kviteseid,2017,Personbiler,10.94
Kviteseid,2017,Personbiler,3096.37
Kviteseid,2017,Personbiler,26.57
Kviteseid,2017,Tunge kjøretøy,0.18
Kviteseid,2017,Tunge kjøretøy,2180.86
Kviteseid,2017,Tunge kjøretøy,22.83
Kviteseid,2017,Varebiler,2.23
Kviteseid,2017,Varebiler,1267.81
Kviteseid,2017,Varebiler,10.14
Kviteseid,2018,Busser,0.02
Kviteseid,2018,Busser,251.95
Kviteseid,2018,Busser,2.13
Kviteseid,2018,Personbiler,11.35
Kviteseid,2018,Personbiler,3136.97
Kviteseid,2018,Personbiler,27.19
Kviteseid,2018,Tunge kjøretøy,0.16
Kviteseid,2018,Tunge kjøretøy,2359.58
Kviteseid,2018,Tunge kjøretøy,24.68
Kviteseid,2018,Varebiler,2.74
Kviteseid,2018,Varebiler,1365.58
Kviteseid,2018,Varebiler,11.07
Kviteseid,2019,Busser,0.01
Kviteseid,2019,Busser,234.29
Kviteseid,2019,Busser,2.62
Kviteseid,2019,Personbiler,11.1
Kviteseid,2019,Personbiler,2785.04
Kviteseid,2019,Personbiler,25.9
Kviteseid,2019,Tunge kjøretøy,0.15
Kviteseid,2019,Tunge kjøretøy,2261.2
Kviteseid,2019,Tunge kjøretøy,25.77
Kviteseid,2019,Varebiler,3.04
Kviteseid,2019,Varebiler,1281.5
Kviteseid,2019,Varebiler,11.71
Kviteseid,2020,Busser,0.01
Kviteseid,2020,Busser,220.47
Kviteseid,2020,Busser,2.58
Kviteseid,2020,Personbiler,10.85
Kviteseid,2020,Personbiler,2636.13
Kviteseid,2020,Personbiler,24.45
Kviteseid,2020,Tunge kjøretøy,0.15
Kviteseid,2020,Tunge kjøretøy,2351.74
Kviteseid,2020,Tunge kjøretøy,26.26
Kviteseid,2020,Varebiler,2.94
Kviteseid,2020,Varebiler,1179.62
Kviteseid,2020,Varebiler,10.99
Kviteseid,2021,Busser,0.01
Kviteseid,2021,Busser,227.47
Kviteseid,2021,Busser,2.65
Kviteseid,2021,Personbiler,10.75
Kviteseid,2021,Personbiler,2578.2
Kviteseid,2021,Personbiler,24.32
Kviteseid,2021,Tunge kjøretøy,0.15
Kviteseid,2021,Tunge kjøretøy,2443.14
Kviteseid,2021,Tunge kjøretøy,28.08
Kviteseid,2021,Varebiler,3.12
Kviteseid,2021,Varebiler,1214.59
Kviteseid,2021,Varebiler,11.41
Kviteseid,2022,Busser,0.01
Kviteseid,2022,Busser,243.69
Kviteseid,2022,Busser,2.79
Kviteseid,2022,Personbiler,10.9
Kviteseid,2022,Personbiler,2635.29
Kviteseid,2022,Personbiler,24.55
Kviteseid,2022,Tunge kjøretøy,0.15
Kviteseid,2022,Tunge kjøretøy,2434.1
Kviteseid,2022,Tunge kjøretøy,28.05
Kviteseid,2022,Varebiler,3.48
Kviteseid,2022,Varebiler,1293.62
Kviteseid,2022,Varebiler,12.51
Kviteseid,2023,Busser,0.01
Kviteseid,2023,Busser,249.68
Kviteseid,2023,Busser,2.85
Kviteseid,2023,Personbiler,10.55
Kviteseid,2023,Personbiler,2418.61
Kviteseid,2023,Personbiler,23.43
Kviteseid,2023,Tunge kjøretøy,0.16
Kviteseid,2023,Tunge kjøretøy,2374.07
Kviteseid,2023,Tunge kjøretøy,27.66
Kviteseid,2023,Varebiler,3.81
Kviteseid,2023,Varebiler,1343.57
Kviteseid,2023,Varebiler,13.57
Nissedal,2009,Busser,0.05
Nissedal,2009,Busser,137.7
Nissedal,2009,Busser,0.42
Nissedal,2009,Personbiler,5.8
Nissedal,2009,Personbiler,1710.93
Nissedal,2009,Personbiler,10.55
Nissedal,2009,Tunge kjøretøy,0.29
Nissedal,2009,Tunge kjøretøy,1236.15
Nissedal,2009,Tunge kjøretøy,3.42
Nissedal,2009,Varebiler,0.65
Nissedal,2009,Varebiler,511.64
Nissedal,2009,Varebiler,3.14
Nissedal,2011,Busser,0.04
Nissedal,2011,Busser,133.61
Nissedal,2011,Busser,0.56
Nissedal,2011,Personbiler,4.75
Nissedal,2011,Personbiler,1642.6
Nissedal,2011,Personbiler,10.25
Nissedal,2011,Tunge kjøretøy,0.27
Nissedal,2011,Tunge kjøretøy,1285.03
Nissedal,2011,Tunge kjøretøy,4.64
Nissedal,2011,Varebiler,0.54
Nissedal,2011,Varebiler,526.1
Nissedal,2011,Varebiler,3.27
Nissedal,2013,Busser,0.03
Nissedal,2013,Busser,133.56
Nissedal,2013,Busser,0.72
Nissedal,2013,Personbiler,3.97
Nissedal,2013,Personbiler,1561.15
Nissedal,2013,Personbiler,10.22
Nissedal,2013,Tunge kjøretøy,0.22
Nissedal,2013,Tunge kjøretøy,1321.23
Nissedal,2013,Tunge kjøretøy,6.86
Nissedal,2013,Varebiler,0.54
Nissedal,2013,Varebiler,574.02
Nissedal,2013,Varebiler,3.55
Nissedal,2015,Busser,0.03
Nissedal,2015,Busser,134.92
Nissedal,2015,Busser,0.79
Nissedal,2015,Personbiler,3.96
Nissedal,2015,Personbiler,1541.75
Nissedal,2015,Personbiler,10.84
Nissedal,2015,Tunge kjøretøy,0.17
Nissedal,2015,Tunge kjøretøy,1381.28
Nissedal,2015,Tunge kjøretøy,9.8
Nissedal,2015,Varebiler,0.77
Nissedal,2015,Varebiler,560.76
Nissedal,2015,Varebiler,3.79
Nissedal,2016,Busser,0.03
Nissedal,2016,Busser,131.59
Nissedal,2016,Busser,0.87
Nissedal,2016,Personbiler,3.96
Nissedal,2016,Personbiler,1447.5
Nissedal,2016,Personbiler,11.2
Nissedal,2016,Tunge kjøretøy,0.17
Nissedal,2016,Tunge kjøretøy,1338.9
Nissedal,2016,Tunge kjøretøy,11.31
Nissedal,2016,Varebiler,0.82
Nissedal,2016,Varebiler,526.9
Nissedal,2016,Varebiler,3.87
Nissedal,2017,Busser,0.03
Nissedal,2017,Busser,118.78
Nissedal,2017,Busser,1.04
Nissedal,2017,Personbiler,4.23
Nissedal,2017,Personbiler,1340.64
Nissedal,2017,Personbiler,11.48
Nissedal,2017,Tunge kjøretøy,0.15
Nissedal,2017,Tunge kjøretøy,1261.07
Nissedal,2017,Tunge kjøretøy,13.1
Nissedal,2017,Varebiler,0.96
Nissedal,2017,Varebiler,483.34
Nissedal,2017,Varebiler,4.09
Nissedal,2018,Busser,0.03
Nissedal,2018,Busser,126.69
Nissedal,2018,Busser,1.13
Nissedal,2018,Personbiler,4.5
Nissedal,2018,Personbiler,1363.28
Nissedal,2018,Personbiler,11.91
Nissedal,2018,Tunge kjøretøy,0.12
Nissedal,2018,Tunge kjøretøy,1376.9
Nissedal,2018,Tunge kjøretøy,15.29
Nissedal,2018,Varebiler,1.06
Nissedal,2018,Varebiler,512.99
Nissedal,2018,Varebiler,4.28
Nissedal,2019,Busser,0.02
Nissedal,2019,Busser,119.04
Nissedal,2019,Busser,1.9
Nissedal,2019,Personbiler,4.59
Nissedal,2019,Personbiler,1278.13
Nissedal,2019,Personbiler,12.0
Nissedal,2019,Tunge kjøretøy,0.11
Nissedal,2019,Tunge kjøretøy,1318.43
Nissedal,2019,Tunge kjøretøy,16.1
Nissedal,2019,Varebiler,1.27
Nissedal,2019,Varebiler,512.53
Nissedal,2019,Varebiler,4.8
Nissedal,2020,Busser,0.01
Nissedal,2020,Busser,114.37
Nissedal,2020,Busser,1.9
Nissedal,2020,Personbiler,4.53
Nissedal,2020,Personbiler,1195.62
Nissedal,2020,Personbiler,11.52
Nissedal,2020,Tunge kjøretøy,0.11
Nissedal,2020,Tunge kjøretøy,1369.59
Nissedal,2020,Tunge kjøretøy,16.31
Nissedal,2020,Varebiler,1.32
Nissedal,2020,Varebiler,486.7
Nissedal,2020,Varebiler,4.71
Nissedal,2021,Busser,0.0
Nissedal,2021,Busser,114.25
Nissedal,2021,Busser,2.28
Nissedal,2021,Personbiler,4.59
Nissedal,2021,Personbiler,1170.7
Nissedal,2021,Personbiler,11.51
Nissedal,2021,Tunge kjøretøy,0.11
Nissedal,2021,Tunge kjøretøy,1419.43
Nissedal,2021,Tunge kjøretøy,17.49
Nissedal,2021,Varebiler,1.3
Nissedal,2021,Varebiler,497.15
Nissedal,2021,Varebiler,4.86
Nissedal,2022,Busser,0.0
Nissedal,2022,Busser,122.19
Nissedal,2022,Busser,2.38
Nissedal,2022,Personbiler,4.76
Nissedal,2022,Personbiler,1201.67
Nissedal,2022,Personbiler,11.81
Nissedal,2022,Tunge kjøretøy,0.11
Nissedal,2022,Tunge kjøretøy,1417.49
Nissedal,2022,Tunge kjøretøy,18.07
Nissedal,2022,Varebiler,1.5
Nissedal,2022,Varebiler,529.32
Nissedal,2022,Varebiler,5.38
Nissedal,2023,Busser,0.0
Nissedal,2023,Busser,125.85
Nissedal,2023,Busser,2.42
Nissedal,2023,Personbiler,4.75
Nissedal,2023,Personbiler,1114.57
Nissedal,2023,Personbiler,11.52
Nissedal,2023,Tunge kjøretøy,0.11
Nissedal,2023,Tunge kjøretøy,1383.9
Nissedal,2023,Tunge kjøretøy,17.4
Nissedal,2023,Varebiler,1.68
Nissedal,2023,Varebiler,545.44
Nissedal,2023,Varebiler,5.81
Fyresdal,2009,Busser,0.03
Fyresdal,2009,Busser,106.19
Fyresdal,2009,Busser,0.49
Fyresdal,2009,Personbiler,2.92
Fyresdal,2009,Personbiler,825.67
Fyresdal,2009,Personbiler,5.19
Fyresdal,2009,Tunge kjøretøy,0.12
Fyresdal,2009,Tunge kjøretøy,556.65
Fyresdal,2009,Tunge kjøretøy,1.45
Fyresdal,2009,Varebiler,0.4
Fyresdal,2009,Varebiler,270.96
Fyresdal,2009,Varebiler,1.56
Fyresdal,2011,Busser,0.03
Fyresdal,2011,Busser,114.74
Fyresdal,2011,Busser,0.45
Fyresdal,2011,Personbiler,2.44
Fyresdal,2011,Personbiler,806.68
Fyresdal,2011,Personbiler,5.16
Fyresdal,2011,Tunge kjøretøy,0.1
Fyresdal,2011,Tunge kjøretøy,581.16
Fyresdal,2011,Tunge kjøretøy,2.31
Fyresdal,2011,Varebiler,0.3
Fyresdal,2011,Varebiler,257.07
Fyresdal,2011,Varebiler,1.47
Fyresdal,2013,Busser,0.03
Fyresdal,2013,Busser,129.13
Fyresdal,2013,Busser,0.48
Fyresdal,2013,Personbiler,2.14
Fyresdal,2013,Personbiler,775.32
Fyresdal,2013,Personbiler,5.07
Fyresdal,2013,Tunge kjøretøy,0.09
Fyresdal,2013,Tunge kjøretøy,593.15
Fyresdal,2013,Tunge kjøretøy,3.41
Fyresdal,2013,Varebiler,0.28
Fyresdal,2013,Varebiler,274.02
Fyresdal,2013,Varebiler,1.59
Fyresdal,2015,Busser,0.03
Fyresdal,2015,Busser,131.7
Fyresdal,2015,Busser,0.49
Fyresdal,2015,Personbiler,2.06
Fyresdal,2015,Personbiler,753.37
Fyresdal,2015,Personbiler,5.28
Fyresdal,2015,Tunge kjøretøy,0.08
Fyresdal,2015,Tunge kjøretøy,607.97
Fyresdal,2015,Tunge kjøretøy,4.4
Fyresdal,2015,Varebiler,0.33
Fyresdal,2015,Varebiler,285.57
Fyresdal,2015,Varebiler,1.75
Fyresdal,2016,Busser,0.03
Fyresdal,2016,Busser,126.3
Fyresdal,2016,Busser,0.56
Fyresdal,2016,Personbiler,2.07
Fyresdal,2016,Personbiler,714.46
Fyresdal,2016,Personbiler,5.46
Fyresdal,2016,Tunge kjøretøy,0.07
Fyresdal,2016,Tunge kjøretøy,590.76
Fyresdal,2016,Tunge kjøretøy,4.9
Fyresdal,2016,Varebiler,0.36
Fyresdal,2016,Varebiler,262.27
Fyresdal,2016,Varebiler,1.81
Fyresdal,2017,Busser,0.01
Fyresdal,2017,Busser,98.99
Fyresdal,2017,Busser,1.04
Fyresdal,2017,Personbiler,2.24
Fyresdal,2017,Personbiler,661.43
Fyresdal,2017,Personbiler,5.7
Fyresdal,2017,Tunge kjøretøy,0.07
Fyresdal,2017,Tunge kjøretøy,572.17
Fyresdal,2017,Tunge kjøretøy,5.53
Fyresdal,2017,Varebiler,0.42
Fyresdal,2017,Varebiler,243.01
Fyresdal,2017,Varebiler,1.94
Fyresdal,2018,Busser,0.01
Fyresdal,2018,Busser,104.87
Fyresdal,2018,Busser,1.1
Fyresdal,2018,Personbiler,2.25
Fyresdal,2018,Personbiler,675.01
Fyresdal,2018,Personbiler,5.75
Fyresdal,2018,Tunge kjøretøy,0.05
Fyresdal,2018,Tunge kjøretøy,612.57
Fyresdal,2018,Tunge kjøretøy,6.45
Fyresdal,2018,Varebiler,0.46
Fyresdal,2018,Varebiler,255.21
Fyresdal,2018,Varebiler,2.01
Fyresdal,2019,Busser,0.01
Fyresdal,2019,Busser,95.32
Fyresdal,2019,Busser,1.4
Fyresdal,2019,Personbiler,2.29
Fyresdal,2019,Personbiler,629.22
Fyresdal,2019,Personbiler,5.81
Fyresdal,2019,Tunge kjøretøy,0.04
Fyresdal,2019,Tunge kjøretøy,587.25
Fyresdal,2019,Tunge kjøretøy,6.99
Fyresdal,2019,Varebiler,0.58
Fyresdal,2019,Varebiler,259.73
Fyresdal,2019,Varebiler,2.31
Fyresdal,2020,Busser,0.0
Fyresdal,2020,Busser,89.65
Fyresdal,2020,Busser,1.39
Fyresdal,2020,Personbiler,2.23
Fyresdal,2020,Personbiler,584.0
Fyresdal,2020,Personbiler,5.53
Fyresdal,2020,Tunge kjøretøy,0.04
Fyresdal,2020,Tunge kjøretøy,611.35
Fyresdal,2020,Tunge kjøretøy,7.1
Fyresdal,2020,Varebiler,0.61
Fyresdal,2020,Varebiler,259.66
Fyresdal,2020,Varebiler,2.36
Fyresdal,2021,Busser,0.0
Fyresdal,2021,Busser,91.31
Fyresdal,2021,Busser,1.46
Fyresdal,2021,Personbiler,2.3
Fyresdal,2021,Personbiler,577.37
Fyresdal,2021,Personbiler,5.58
Fyresdal,2021,Tunge kjøretøy,0.04
Fyresdal,2021,Tunge kjøretøy,637.79
Fyresdal,2021,Tunge kjøretøy,7.49
Fyresdal,2021,Varebiler,0.62
Fyresdal,2021,Varebiler,265.73
Fyresdal,2021,Varebiler,2.45
Fyresdal,2022,Busser,0.0
Fyresdal,2022,Busser,98.03
Fyresdal,2022,Busser,1.53
Fyresdal,2022,Personbiler,2.37
Fyresdal,2022,Personbiler,598.37
Fyresdal,2022,Personbiler,5.75
Fyresdal,2022,Tunge kjøretøy,0.04
Fyresdal,2022,Tunge kjøretøy,636.26
Fyresdal,2022,Tunge kjøretøy,7.66
Fyresdal,2022,Varebiler,0.67
Fyresdal,2022,Varebiler,277.5
Fyresdal,2022,Varebiler,2.65
Fyresdal,2023,Busser,0.0
Fyresdal,2023,Busser,100.15
Fyresdal,2023,Busser,1.58
Fyresdal,2023,Personbiler,2.36
Fyresdal,2023,Personbiler,556.35
Fyresdal,2023,Personbiler,5.58
Fyresdal,2023,Tunge kjøretøy,0.04
Fyresdal,2023,Tunge kjøretøy,623.33
Fyresdal,2023,Tunge kjøretøy,7.44
Fyresdal,2023,Varebiler,0.77
Fyresdal,2023,Varebiler,279.39
Fyresdal,2023,Varebiler,2.84
Tokke,2009,Busser,0.06
Tokke,2009,Busser,215.37
Tokke,2009,Busser,0.77
Tokke,2009,Personbiler,9.44
Tokke,2009,Personbiler,2666.01
Tokke,2009,Personbiler,16.13
Tokke,2009,Tunge kjøretøy,0.27
Tokke,2009,Tunge kjøretøy,1374.84
Tokke,2009,Tunge kjøretøy,3.22
Tokke,2009,Varebiler,1.13
Tokke,2009,Varebiler,1026.94
Tokke,2009,Varebiler,5.66
Tokke,2011,Busser,0.04
Tokke,2011,Busser,213.17
Tokke,2011,Busser,1.01
Tokke,2011,Personbiler,7.82
Tokke,2011,Personbiler,2601.28
Tokke,2011,Personbiler,16.16
Tokke,2011,Tunge kjøretøy,0.22
Tokke,2011,Tunge kjøretøy,1455.09
Tokke,2011,Tunge kjøretøy,5.32
Tokke,2011,Varebiler,0.91
Tokke,2011,Varebiler,991.33
Tokke,2011,Varebiler,5.49
Tokke,2013,Busser,0.03
Tokke,2013,Busser,215.11
Tokke,2013,Busser,1.45
Tokke,2013,Personbiler,6.86
Tokke,2013,Personbiler,2516.08
Tokke,2013,Personbiler,16.38
Tokke,2013,Tunge kjøretøy,0.19
Tokke,2013,Tunge kjøretøy,1496.2
Tokke,2013,Tunge kjøretøy,7.84
Tokke,2013,Varebiler,0.91
Tokke,2013,Varebiler,1013.8
Tokke,2013,Varebiler,5.76
Tokke,2015,Busser,0.03
Tokke,2015,Busser,227.57
Tokke,2015,Busser,1.41
Tokke,2015,Personbiler,6.95
Tokke,2015,Personbiler,2478.74
Tokke,2015,Personbiler,17.42
Tokke,2015,Tunge kjøretøy,0.17
Tokke,2015,Tunge kjøretøy,1540.12
Tokke,2015,Tunge kjøretøy,9.53
Tokke,2015,Varebiler,1.09
Tokke,2015,Varebiler,1000.12
Tokke,2015,Varebiler,6.08
Tokke,2016,Busser,0.02
Tokke,2016,Busser,215.11
Tokke,2016,Busser,1.64
Tokke,2016,Personbiler,7.09
Tokke,2016,Personbiler,2336.39
Tokke,2016,Personbiler,18.04
Tokke,2016,Tunge kjøretøy,0.15
Tokke,2016,Tunge kjøretøy,1502.49
Tokke,2016,Tunge kjøretøy,10.59
Tokke,2016,Varebiler,1.27
Tokke,2016,Varebiler,954.89
Tokke,2016,Varebiler,6.47
Tokke,2017,Busser,0.01
Tokke,2017,Busser,193.38
Tokke,2017,Busser,1.83
Tokke,2017,Personbiler,7.64
Tokke,2017,Personbiler,2165.09
Tokke,2017,Personbiler,18.81
Tokke,2017,Tunge kjøretøy,0.15
Tokke,2017,Tunge kjøretøy,1432.47
Tokke,2017,Tunge kjøretøy,12.02
Tokke,2017,Varebiler,1.47
Tokke,2017,Varebiler,873.56
Tokke,2017,Varebiler,6.76
Tokke,2018,Busser,0.01
Tokke,2018,Busser,199.08
Tokke,2018,Busser,2.0
Tokke,2018,Personbiler,8.01
Tokke,2018,Personbiler,2211.81
Tokke,2018,Personbiler,19.16
Tokke,2018,Tunge kjøretøy,0.12
Tokke,2018,Tunge kjøretøy,1541.54
Tokke,2018,Tunge kjøretøy,13.79
Tokke,2018,Varebiler,1.75
Tokke,2018,Varebiler,942.56
Tokke,2018,Varebiler,7.32
Tokke,2019,Busser,0.01
Tokke,2019,Busser,234.77
Tokke,2019,Busser,2.03
Tokke,2019,Personbiler,8.31
Tokke,2019,Personbiler,2087.74
Tokke,2019,Personbiler,19.32
Tokke,2019,Tunge kjøretøy,0.1
Tokke,2019,Tunge kjøretøy,1476.12
Tokke,2019,Tunge kjøretøy,14.77
Tokke,2019,Varebiler,1.99
Tokke,2019,Varebiler,885.93
Tokke,2019,Varebiler,7.63
Tokke,2020,Busser,0.01
Tokke,2020,Busser,191.68
Tokke,2020,Busser,2.03
Tokke,2020,Personbiler,8.03
Tokke,2020,Personbiler,1945.06
Tokke,2020,Personbiler,18.29
Tokke,2020,Tunge kjøretøy,0.09
Tokke,2020,Tunge kjøretøy,1536.44
Tokke,2020,Tunge kjøretøy,15.99
Tokke,2020,Varebiler,2.07
Tokke,2020,Varebiler,853.47
Tokke,2020,Varebiler,7.58
Tokke,2021,Busser,0.01
Tokke,2021,Busser,198.94
Tokke,2021,Busser,2.08
Tokke,2021,Personbiler,8.37
Tokke,2021,Personbiler,1928.44
Tokke,2021,Personbiler,18.61
Tokke,2021,Tunge kjøretøy,0.1
Tokke,2021,Tunge kjøretøy,1612.67
Tokke,2021,Tunge kjøretøy,17.18
Tokke,2021,Varebiler,2.15
Tokke,2021,Varebiler,871.51
Tokke,2021,Varebiler,7.79
Tokke,2022,Busser,0.01
Tokke,2022,Busser,212.68
Tokke,2022,Busser,2.17
Tokke,2022,Personbiler,8.56
Tokke,2022,Personbiler,1968.27
Tokke,2022,Personbiler,18.88
Tokke,2022,Tunge kjøretøy,0.09
Tokke,2022,Tunge kjøretøy,1611.72
Tokke,2022,Tunge kjøretøy,17.5
Tokke,2022,Varebiler,2.34
Tokke,2022,Varebiler,931.28
Tokke,2022,Varebiler,8.6
Tokke,2023,Busser,0.01
Tokke,2023,Busser,211.76
Tokke,2023,Busser,2.22
Tokke,2023,Personbiler,8.33
Tokke,2023,Personbiler,1830.64
Tokke,2023,Personbiler,18.04
Tokke,2023,Tunge kjøretøy,0.1
Tokke,2023,Tunge kjøretøy,1578.68
Tokke,2023,Tunge kjøretøy,17.16
Tokke,2023,Varebiler,2.43
Tokke,2023,Varebiler,931.45
Tokke,2023,Varebiler,8.9
Vinje,2009,Busser,0.14
Vinje,2009,Busser,479.1
Vinje,2009,Busser,1.24
Vinje,2009,Personbiler,24.19
Vinje,2009,Personbiler,7343.38
Vinje,2009,Personbiler,44.51
Vinje,2009,Tunge kjøretøy,2.72
Vinje,2009,Tunge kjøretøy,13834.34
Vinje,2009,Tunge kjøretøy,35.53
Vinje,2009,Varebiler,3.39
Vinje,2009,Varebiler,3138.27
Vinje,2009,Varebiler,17.43
Vinje,2011,Busser,0.09
Vinje,2011,Busser,449.87
Vinje,2011,Busser,2.68
Vinje,2011,Personbiler,20.21
Vinje,2011,Personbiler,7259.2
Vinje,2011,Personbiler,45.7
Vinje,2011,Tunge kjøretøy,2.12
Vinje,2011,Tunge kjøretøy,14566.6
Vinje,2011,Tunge kjøretøy,60.87
Vinje,2011,Varebiler,2.41
Vinje,2011,Varebiler,2895.86
Vinje,2011,Varebiler,16.2
Vinje,2013,Busser,0.05
Vinje,2013,Busser,430.27
Vinje,2013,Busser,5.23
Vinje,2013,Personbiler,17.86
Vinje,2013,Personbiler,7028.86
Vinje,2013,Personbiler,46.52
Vinje,2013,Tunge kjøretøy,1.71
Vinje,2013,Tunge kjøretøy,14909.91
Vinje,2013,Tunge kjøretøy,89.35
Vinje,2013,Varebiler,2.5
Vinje,2013,Varebiler,2996.07
Vinje,2013,Varebiler,17.03
Vinje,2015,Busser,0.04
Vinje,2015,Busser,512.51
Vinje,2015,Busser,4.27
Vinje,2015,Personbiler,18.65
Vinje,2015,Personbiler,6881.23
Vinje,2015,Personbiler,50.16
Vinje,2015,Tunge kjøretøy,1.57
Vinje,2015,Tunge kjøretøy,15545.16
Vinje,2015,Tunge kjøretøy,111.45
Vinje,2015,Varebiler,3.27
Vinje,2015,Varebiler,3013.32
Vinje,2015,Varebiler,18.59
Vinje,2016,Busser,0.03
Vinje,2016,Busser,467.94
Vinje,2016,Busser,5.51
Vinje,2016,Personbiler,19.22
Vinje,2016,Personbiler,6497.08
Vinje,2016,Personbiler,51.46
Vinje,2016,Tunge kjøretøy,1.48
Vinje,2016,Tunge kjøretøy,15152.63
Vinje,2016,Tunge kjøretøy,125.58
Vinje,2016,Varebiler,3.47
Vinje,2016,Varebiler,2889.19
Vinje,2016,Varebiler,19.34
Vinje,2017,Busser,0.02
Vinje,2017,Busser,415.8
Vinje,2017,Busser,5.66
Vinje,2017,Personbiler,20.71
Vinje,2017,Personbiler,6040.2
Vinje,2017,Personbiler,54.21
Vinje,2017,Tunge kjøretøy,1.24
Vinje,2017,Tunge kjøretøy,14259.97
Vinje,2017,Tunge kjøretøy,144.75
Vinje,2017,Varebiler,3.88
Vinje,2017,Varebiler,2600.92
Vinje,2017,Varebiler,19.8
Vinje,2018,Busser,0.03
Vinje,2018,Busser,387.11
Vinje,2018,Busser,6.62
Vinje,2018,Personbiler,21.59
Vinje,2018,Personbiler,6153.18
Vinje,2018,Personbiler,54.97
Vinje,2018,Tunge kjøretøy,1.08
Vinje,2018,Tunge kjøretøy,15416.11
Vinje,2018,Tunge kjøretøy,157.79
Vinje,2018,Varebiler,4.78
Vinje,2018,Varebiler,2818.89
Vinje,2018,Varebiler,21.74
Vinje,2019,Busser,0.02
Vinje,2019,Busser,486.43
Vinje,2019,Busser,5.95
Vinje,2019,Personbiler,22.85
Vinje,2019,Personbiler,5974.84
Vinje,2019,Personbiler,56.81
Vinje,2019,Tunge kjøretøy,1.01
Vinje,2019,Tunge kjøretøy,14769.57
Vinje,2019,Tunge kjøretøy,164.06
Vinje,2019,Varebiler,5.93
Vinje,2019,Varebiler,2762.54
Vinje,2019,Varebiler,23.77
Vinje,2020,Busser,0.02
Vinje,2020,Busser,454.6
Vinje,2020,Busser,5.95
Vinje,2020,Personbiler,22.13
Vinje,2020,Personbiler,5595.87
Vinje,2020,Personbiler,54.13
Vinje,2020,Tunge kjøretøy,0.93
Vinje,2020,Tunge kjøretøy,15371.85
Vinje,2020,Tunge kjøretøy,174.86
Vinje,2020,Varebiler,5.58
Vinje,2020,Varebiler,2597.59
Vinje,2020,Varebiler,22.69
Vinje,2021,Busser,0.02
Vinje,2021,Busser,477.98
Vinje,2021,Busser,6.08
Vinje,2021,Personbiler,22.81
Vinje,2021,Personbiler,5484.16
Vinje,2021,Personbiler,54.13
Vinje,2021,Tunge kjøretøy,0.92
Vinje,2021,Tunge kjøretøy,16056.28
Vinje,2021,Tunge kjøretøy,185.94
Vinje,2021,Varebiler,6.21
Vinje,2021,Varebiler,2715.69
Vinje,2021,Varebiler,24.26
Vinje,2022,Busser,0.02
Vinje,2022,Busser,509.1
Vinje,2022,Busser,6.27
Vinje,2022,Personbiler,23.79
Vinje,2022,Personbiler,5655.87
Vinje,2022,Personbiler,55.09
Vinje,2022,Tunge kjøretøy,0.91
Vinje,2022,Tunge kjøretøy,16038.9
Vinje,2022,Tunge kjøretøy,187.14
Vinje,2022,Varebiler,6.85
Vinje,2022,Varebiler,2894.33
Vinje,2022,Varebiler,26.67
Vinje,2023,Busser,0.02
Vinje,2023,Busser,464.93
Vinje,2023,Busser,6.41
Vinje,2023,Personbiler,22.83
Vinje,2023,Personbiler,5223.22
Vinje,2023,Personbiler,52.18
Vinje,2023,Tunge kjøretøy,1.0
Vinje,2023,Tunge kjøretøy,15657.53
Vinje,2023,Tunge kjøretøy,184.49
Vinje,2023,Varebiler,7.14
Vinje,2023,Varebiler,3009.33
Vinje,2023,Varebiler,28.68
